camera_id,lower_thresh,area
IMG_1868.JPG,52,201545
IMG_1871.JPG,52,170317
IMG_1875.JPG,52,100959
IMG_1878.JPG,52,110662
IMG_1879.JPG,52,120511
IMG_1880.JPG,52,290932
IMG_1882.JPG,52,97101
IMG_1886.JPG,52,68976
IMG_1887.JPG,52,77437
IMG_1888.JPG,52,44604
IMG_1891.JPG,52,35616
IMG_1893.JPG,52,48207
IMG_1894.JPG,52,78911
IMG_1895.JPG,52,32543
IMG_1896.JPG,52,74386
IMG_1897.JPG,52,35965
IMG_1898.JPG,52,57478
IMG_1899.JPG,52,22985
IMG_1900.JPG,52,56514
IMG_1901.JPG,52,50132
IMG_1902.JPG,52,44766
IMG_1903.JPG,52,75430
IMG_1904.JPG,52,19575
IMG_1905.JPG,52,29517
IMG_1906.JPG,52,15438
IMG_1907.JPG,52,36269
IMG_1908.JPG,52,45228
IMG_1909.JPG,52,67889
IMG_1910.JPG,52,53548
IMG_1911.JPG,52,48868
IMG_1912.JPG,52,42915
IMG_1913.JPG,52,23041
IMG_1914.JPG,52,62658
IMG_1916.JPG,52,6438
IMG_1917.JPG,52,13980
IMG_1918.JPG,52,12524
IMG_1919.JPG,52,26897
IMG_1920.JPG,52,27870
IMG_1922.JPG,52,7700
IMG_1924.JPG,52,52585
IMG_1925.JPG,52,105752
IMG_1927.JPG,52,94925
IMG_1928.JPG,52,78811
IMG_1931.JPG,52,91712
IMG_1932.JPG,52,57842
IMG_1933.JPG,52,54650
IMG_1934.JPG,52,66828
IMG_1935.JPG,52,57091
IMG_1938.JPG,52,78771
IMG_1939.JPG,52,63999
IMG_1940.JPG,52,108098
IMG_1941.JPG,52,149338
IMG_1942.JPG,52,72708
IMG_1944.JPG,52,68604
IMG_1945.JPG,52,111755
IMG_1946.JPG,52,116669
IMG_1947.JPG,52,122888
IMG_1948.JPG,52,62415
IMG_1949.JPG,52,79271
IMG_1952.JPG,52,49006
IMG_1953.JPG,52,71797
IMG_1954.JPG,52,37142
IMG_1956.JPG,52,33563
IMG_1957.JPG,52,35792
IMG_1960.JPG,52,18292
IMG_1961.JPG,52,43347
IMG_1962.JPG,52,31512
IMG_1963.JPG,52,45790
IMG_1964.JPG,52,97371
IMG_1965.JPG,52,63791
IMG_1966.JPG,52,97368
IMG_1967.JPG,52,29670
IMG_1968.JPG,52,40237
IMG_1970.JPG,52,49050
IMG_1972.JPG,52,121297
IMG_1973.JPG,52,106132
IMG_1974.JPG,52,59885
IMG_1976.JPG,52,18204
IMG_1977.JPG,52,43062
IMG_1978.JPG,52,20928
IMG_1980.JPG,52,45838
IMG_1981.JPG,52,27385
IMG_1982.JPG,52,26570
IMG_1983.JPG,52,85169
IMG_1987.JPG,52,69391
IMG_1988.JPG,52,88863
IMG_1989.JPG,52,95434
IMG_1990.JPG,52,99117
IMG_1991.JPG,52,107909
IMG_1992.JPG,52,120681
IMG_1993.JPG,52,89869
IMG_1994.JPG,52,65848
IMG_1996.JPG,52,84791
IMG_1997.JPG,52,59321
IMG_1999.JPG,52,62300
IMG_2001.JPG,52,86148
IMG_2002.JPG,52,47018
IMG_2003.JPG,52,52636
IMG_2005.JPG,52,50086
IMG_2006.JPG,52,82580
IMG_2008.JPG,52,27430
IMG_2009.JPG,52,48957
IMG_2013.JPG,52,61935
IMG_2014.JPG,52,109633
IMG_2015.JPG,52,67572
IMG_2016.JPG,52,80853
IMG_2017.JPG,52,113725
IMG_2019.JPG,52,53117
IMG_2021.JPG,52,50421
IMG_2022.JPG,52,67991
IMG_2024.JPG,52,70277
IMG_2025.JPG,52,57975
IMG_2026.JPG,52,107514
IMG_2027.JPG,52,50012
IMG_2029.JPG,52,70993
IMG_2031.JPG,52,98371
IMG_2032.JPG,52,92287
IMG_2033.JPG,52,92353
IMG_2034.JPG,52,112963
IMG_2035.JPG,52,85470
IMG_2037.JPG,52,76291
IMG_2038.JPG,52,61093
IMG_2039.JPG,52,123047
IMG_2043.JPG,52,3192
IMG_2044.JPG,52,67153
IMG_2045.JPG,52,89493
IMG_2046.JPG,52,114144
IMG_2048.JPG,52,144408
IMG_2049.JPG,52,174584
IMG_2053.JPG,52,122573
IMG_2054.JPG,52,117005
IMG_2058.JPG,52,135711
IMG_2059.JPG,52,83609
IMG_2060.JPG,52,53485
IMG_2061.JPG,52,107002
IMG_2062.JPG,52,108107
IMG_2063.JPG,52,76681
IMG_2064.JPG,52,82940
IMG_2065.JPG,52,93202
IMG_2067.JPG,52,68994
IMG_2068.JPG,52,128711
IMG_2069.JPG,52,126034
IMG_2070.JPG,52,117449
IMG_2071.JPG,52,83778
IMG_2072.JPG,52,59772
IMG_2073.JPG,52,67252
IMG_2074.JPG,52,51007
IMG_2075.JPG,52,38388
IMG_2076.JPG,52,68204
IMG_2077.JPG,52,81582
IMG_2078.JPG,52,91049
IMG_2079.JPG,52,103514
IMG_2081.JPG,52,116446
IMG_2082.JPG,52,81387
IMG_2084.JPG,52,105130
IMG_2086.JPG,52,72355
IMG_2089.JPG,52,72105
IMG_2090.JPG,52,65975
IMG_2091.JPG,52,87672
IMG_2092.JPG,52,74719
IMG_2094.JPG,52,68574
IMG_2095.JPG,52,88442
IMG_2097.JPG,52,72145
IMG_2098.JPG,52,86469
IMG_2100.JPG,52,72484
IMG_2101.JPG,52,30546
IMG_2103.JPG,52,52981
IMG_2105.JPG,52,47672
IMG_2106.JPG,52,121106
IMG_2107.JPG,52,88161
IMG_2108.JPG,52,70815
IMG_2109.JPG,52,79218
IMG_2110.JPG,52,87399
IMG_2111.JPG,52,89612
IMG_2112.JPG,52,121938
IMG_2113.JPG,52,121315
IMG_2115.JPG,52,168656
IMG_2116.JPG,52,148761
IMG_2118.JPG,52,210242
IMG_2119.JPG,52,254120
IMG_2120.JPG,52,145639
IMG_2122.JPG,52,132120
IMG_2123.JPG,52,107337
IMG_2124.JPG,52,77174
IMG_2125.JPG,52,89339
IMG_2126.JPG,52,106605
IMG_2128.JPG,52,126956
IMG_2129.JPG,52,119611
IMG_2130.JPG,52,145651
IMG_2131.JPG,52,58542
IMG_2132.JPG,52,124062
IMG_2133.JPG,52,120780
IMG_2134.JPG,52,168595
IMG_2135.JPG,52,112232
IMG_2136.JPG,52,185803
IMG_2137.JPG,52,103705
IMG_2138.JPG,52,153337
IMG_2139.JPG,52,171667
IMG_2140.JPG,52,104974
IMG_2141.JPG,52,174742
IMG_2142.JPG,52,134851
IMG_2143.JPG,52,151063
IMG_2145.JPG,52,120048
IMG_2146.JPG,52,130867
IMG_2147.JPG,52,147093
IMG_2148.JPG,52,133625
IMG_2149.JPG,52,185178
IMG_2151.JPG,52,199474
IMG_2152.JPG,52,127553
IMG_2153.JPG,52,187250
IMG_2154.JPG,52,99034
IMG_2155.JPG,52,206447
IMG_2156.JPG,52,190023
IMG_2157.JPG,52,228342
IMG_2158.JPG,52,127303
IMG_2160.JPG,52,173879
IMG_2161.JPG,52,156080
IMG_2162.JPG,52,191506
IMG_2163.JPG,52,232144
IMG_2164.JPG,52,123134
IMG_2165.JPG,52,159708
IMG_2166.JPG,52,192938
IMG_2167.JPG,52,204054
IMG_2168.JPG,52,240717
IMG_2169.JPG,52,224581
IMG_2170.JPG,52,134993
IMG_2171.JPG,52,181516
IMG_2172.JPG,52,224073
IMG_2173.JPG,52,170810
IMG_2175.JPG,52,240388
IMG_2176.JPG,52,163224
IMG_2177.JPG,52,199682
IMG_2178.JPG,52,221368
IMG_2179.JPG,52,163133
IMG_2180.JPG,52,221004
IMG_2181.JPG,52,156469
IMG_2182.JPG,52,159558
IMG_2183.JPG,52,228846
IMG_2185.JPG,52,191719
IMG_2186.JPG,52,277717
IMG_2187.JPG,52,188840
IMG_2188.JPG,52,152828
IMG_2190.JPG,52,210819
IMG_2191.JPG,52,171098
IMG_2192.JPG,52,164686
IMG_2193.JPG,52,140712
IMG_2194.JPG,52,197824
IMG_2195.JPG,52,206124
IMG_2196.JPG,52,224299
IMG_2197.JPG,52,146625
IMG_2198.JPG,52,311704
IMG_2199.JPG,52,192571
IMG_2200.JPG,52,216650
IMG_2201.JPG,52,126214
IMG_2202.JPG,52,185091
IMG_2203.JPG,52,208428
IMG_2204.JPG,52,215409
IMG_2205.JPG,52,140506
IMG_2206.JPG,52,61989
IMG_2207.JPG,52,13310
IMG_2208.JPG,52,88758
IMG_2210.JPG,52,201184
IMG_2211.JPG,52,53315
IMG_2212.JPG,52,98790
IMG_2213.JPG,52,24833
IMG_2214.JPG,52,98590
IMG_2215.JPG,52,138032
IMG_2216.JPG,52,48313
IMG_2219.JPG,52,199986
IMG_2220.JPG,52,122493
IMG_2221.JPG,52,143921
IMG_2222.JPG,52,107483
IMG_2223.JPG,52,76976
IMG_2224.JPG,52,158334
IMG_2225.JPG,52,82051
IMG_2226.JPG,52,111819
IMG_2227.JPG,52,140182
IMG_2229.JPG,52,162863
IMG_2230.JPG,52,142647
IMG_2231.JPG,52,60711
IMG_2232.JPG,52,198351
IMG_2233.JPG,52,140160
IMG_2234.JPG,52,35983
IMG_2235.JPG,52,178721
IMG_2236.JPG,52,101753
IMG_2238.JPG,52,113118
IMG_2239.JPG,52,371
IMG_2240.JPG,52,14262
IMG_2241.JPG,52,11718
IMG_2242.JPG,52,25507
IMG_2243.JPG,52,39572
IMG_2244.JPG,52,31856
IMG_2245.JPG,52,38306
IMG_2246.JPG,52,83228
IMG_2247.JPG,52,53979
IMG_2248.JPG,52,14250
IMG_2249.JPG,52,29335
IMG_2250.JPG,52,94622
IMG_2251.JPG,52,23181
IMG_2252.JPG,52,48563
IMG_2253.JPG,52,50834
IMG_2254.JPG,52,80616
IMG_2255.JPG,52,90675
IMG_2256.JPG,52,66588
IMG_2257.JPG,52,78477
IMG_2258.JPG,52,61122
IMG_2259.JPG,52,53815
IMG_2260.JPG,52,51295
IMG_2261.JPG,52,72250
IMG_2263.JPG,52,82143
IMG_2264.JPG,52,50038
IMG_2265.JPG,52,51484
IMG_2266.JPG,52,86648
IMG_2267.JPG,52,58631
IMG_2268.JPG,52,61702
IMG_2269.JPG,52,113692
IMG_2270.JPG,52,28942
IMG_2271.JPG,52,16619
IMG_2272.JPG,52,29418
IMG_2273.JPG,52,9997
IMG_2274.JPG,52,16802
IMG_2275.JPG,52,43118
IMG_2276.JPG,52,52952
IMG_2278.JPG,52,57153
IMG_2279.JPG,52,34285
IMG_2280.JPG,52,58793
IMG_2281.JPG,52,34165
IMG_2282.JPG,52,55903
IMG_2283.JPG,52,56852
IMG_2284.JPG,52,45065
IMG_2286.JPG,52,59297
IMG_2287.JPG,52,28058
IMG_2288.JPG,52,42164
IMG_2289.JPG,52,46177
IMG_2290.JPG,52,50932
IMG_2291.JPG,52,42558
IMG_2292.JPG,52,17101
IMG_2293.JPG,52,43000
IMG_2294.JPG,52,47808
IMG_2295.JPG,52,33051
IMG_2302.JPG,52,8618
IMG_2303.JPG,52,48514
IMG_2304.JPG,52,33957
IMG_2305.JPG,52,30666
IMG_2306.JPG,52,61171
IMG_2307.JPG,52,80735
IMG_2308.JPG,52,79699
IMG_2309.JPG,52,71795
IMG_2310.JPG,52,55206
IMG_2311.JPG,52,40388
IMG_2312.JPG,52,33093
IMG_2313.JPG,52,24097
IMG_2314.JPG,52,84509
IMG_2315.JPG,52,78322
IMG_2316.JPG,52,68683
IMG_2317.JPG,52,95324
IMG_2318.JPG,52,67439
IMG_2319.JPG,52,91979
IMG_2320.JPG,52,81368
IMG_2321.JPG,52,62540
IMG_2322.JPG,52,18284
IMG_2323.JPG,52,72370
IMG_2324.JPG,52,112619
IMG_2325.JPG,52,92232
IMG_2326.JPG,52,20395
IMG_2327.JPG,52,67189
IMG_2329.JPG,52,74794
IMG_2330.JPG,52,78651
IMG_2331.JPG,52,27355
IMG_2332.JPG,52,58603
IMG_2334.JPG,52,78535
IMG_2336.JPG,52,74111
IMG_2337.JPG,52,102798
IMG_2339.JPG,52,88289
IMG_2340.JPG,52,125492
IMG_2341.JPG,52,84816
IMG_2342.JPG,52,77673
IMG_2343.JPG,52,113411
IMG_2344.JPG,52,93582
IMG_2345.JPG,52,73439
IMG_2346.JPG,52,61903
IMG_2348.JPG,52,83073
IMG_2349.JPG,52,83933
IMG_2350.JPG,52,103457
IMG_2351.JPG,52,68282
IMG_2352.JPG,52,105074
IMG_2353.JPG,52,87953
IMG_2354.JPG,52,79586
IMG_2355.JPG,52,80991
IMG_2356.JPG,52,73895
IMG_2357.JPG,52,66124
IMG_2358.JPG,52,66998
IMG_2359.JPG,52,64150
IMG_2360.JPG,52,67084
IMG_2361.JPG,52,72347
IMG_2362.JPG,52,107954
IMG_2363.JPG,52,94920
IMG_2364.JPG,52,96691
IMG_2366.JPG,52,116852
IMG_2367.JPG,52,85110
IMG_2368.JPG,52,97708
IMG_2369.JPG,52,94250
IMG_2370.JPG,52,103421
IMG_2372.JPG,52,8597
IMG_2373.JPG,52,5604
IMG_2375.JPG,52,15816
IMG_2376.JPG,52,49259
IMG_2377.JPG,52,57513
IMG_2378.JPG,52,87306
IMG_2379.JPG,52,89329
IMG_2380.JPG,52,61381
IMG_2383.JPG,52,98141
IMG_2385.JPG,52,32490
IMG_2386.JPG,52,25376
IMG_2387.JPG,52,100059
IMG_2388.JPG,52,74766
IMG_2389.JPG,52,128710
IMG_2390.JPG,52,122418
IMG_2391.JPG,52,131103
IMG_2392.JPG,52,91867
IMG_2394.JPG,52,114100
IMG_2395.JPG,52,149413
IMG_2396.JPG,52,92892
IMG_2397.JPG,52,100521
IMG_2398.JPG,52,7073
IMG_2399.JPG,52,121281
IMG_2400.JPG,52,90073
IMG_2401.JPG,52,119986
IMG_2402.JPG,52,80103
IMG_2404.JPG,52,95399
IMG_2405.JPG,52,59938
IMG_2406.JPG,52,85585
IMG_2407.JPG,52,95299
IMG_2408.JPG,52,77607
IMG_2409.JPG,52,108255
IMG_2410.JPG,52,90993
IMG_2411.JPG,52,78851
IMG_2412.JPG,52,97284
IMG_2413.JPG,52,28857
IMG_2414.JPG,52,73384
IMG_2415.JPG,52,70269
IMG_2417.JPG,52,69898
IMG_2419.JPG,52,160334
IMG_2420.JPG,52,58562
IMG_2421.JPG,52,56495
IMG_2422.JPG,52,90500
IMG_2423.JPG,52,32787
IMG_2424.JPG,52,70976
IMG_2426.JPG,52,47261
IMG_2427.JPG,52,73253
IMG_2428.JPG,52,84709
IMG_2429.JPG,52,61309
IMG_2430.JPG,52,81708
IMG_2431.JPG,52,109211
IMG_2432.JPG,52,79963
IMG_2433.JPG,52,65416
IMG_2434.JPG,52,95940
IMG_2435.JPG,52,50767
IMG_2436.JPG,52,77196
IMG_2437.JPG,52,75588
IMG_2438.JPG,52,102769
IMG_2439.JPG,52,99446
IMG_2440.JPG,52,58186
IMG_2441.JPG,52,51171
IMG_2442.JPG,52,60685
IMG_2443.JPG,52,36216
IMG_2444.JPG,52,84104
IMG_2445.JPG,52,89393
IMG_2446.JPG,52,78406
IMG_2447.JPG,52,93182
IMG_2448.JPG,52,57557
IMG_2449.JPG,52,60318
IMG_2450.JPG,52,32244
IMG_2451.JPG,52,104123
IMG_2452.JPG,52,70043
IMG_2453.JPG,52,76059
IMG_2454.JPG,52,81871
IMG_2455.JPG,52,14605
IMG_2457.JPG,52,66093
IMG_2459.JPG,52,71831
IMG_2460.JPG,52,80852
IMG_2461.JPG,52,75757
IMG_2462.JPG,52,35307
IMG_2463.JPG,52,65362
IMG_2464.JPG,52,17867
IMG_2465.JPG,52,44632
IMG_2466.JPG,52,63693
IMG_2467.JPG,52,66071
IMG_2468.JPG,52,54724
IMG_2469.JPG,52,21945
IMG_2471.JPG,52,42293
IMG_2472.JPG,52,41322
IMG_2473.JPG,52,64846
IMG_2474.JPG,52,56418
IMG_2475.JPG,52,56676
IMG_2476.JPG,52,15251
IMG_2477.JPG,52,37413
IMG_2479.JPG,52,60806
IMG_2480.JPG,52,116331
IMG_2481.JPG,52,124767
IMG_2482.JPG,52,79662
IMG_2483.JPG,52,95072
IMG_2484.JPG,52,73853
IMG_2485.JPG,52,82728
IMG_2486.JPG,52,126199
IMG_2487.JPG,52,148610
IMG_2488.JPG,52,132092
IMG_2489.JPG,52,83956
IMG_2490.JPG,52,93701
IMG_2491.JPG,52,57314
IMG_2492.JPG,52,97368
IMG_2493.JPG,52,129911
IMG_2494.JPG,52,131130
IMG_2495.JPG,52,115269
IMG_2496.JPG,52,65095
IMG_2497.JPG,52,78983
IMG_2498.JPG,52,63265
IMG_2499.JPG,52,100518
IMG_2500.JPG,52,94534
IMG_2501.JPG,52,87893
IMG_2502.JPG,52,96230
IMG_2503.JPG,52,118739
IMG_2504.JPG,52,145743
IMG_2505.JPG,52,90905
IMG_2506.JPG,52,22826
IMG_2507.JPG,52,63507
IMG_2508.JPG,52,67892
IMG_2509.JPG,52,83977
IMG_2510.JPG,52,26843
IMG_2511.JPG,52,71359
IMG_2512.JPG,52,76630
IMG_2513.JPG,52,89897
IMG_2514.JPG,52,123755
IMG_2515.JPG,52,70899
IMG_2516.JPG,52,103369
IMG_2517.JPG,52,110356
IMG_2518.JPG,52,131776
IMG_2520.JPG,52,56792
IMG_2521.JPG,52,119940
IMG_2522.JPG,52,79272
IMG_2523.JPG,52,100472
IMG_2524.JPG,52,74661
IMG_2525.JPG,52,45367
IMG_2526.JPG,52,60250
IMG_2527.JPG,52,53480
IMG_2528.JPG,52,67503
IMG_2529.JPG,52,76125
IMG_2564.JPG,52,44469
IMG_2565.JPG,52,83448
IMG_2566.JPG,52,52158
IMG_2567.JPG,52,46011
IMG_2568.JPG,52,50980
IMG_2569.JPG,52,78272
IMG_2570.JPG,52,67372
IMG_2571.JPG,52,81963
IMG_2572.JPG,52,44347
IMG_2573.JPG,52,35759
IMG_2574.JPG,52,69275
IMG_2575.JPG,52,62489
IMG_2576.JPG,52,55443
IMG_2577.JPG,52,55957
IMG_2578.JPG,52,70788
IMG_2579.JPG,52,56415
IMG_2580.JPG,52,66883
IMG_2581.JPG,52,76172
IMG_2582.JPG,52,16472
IMG_2583.JPG,52,33498
IMG_2584.JPG,52,56149
IMG_2585.JPG,52,37462
IMG_2586.JPG,52,55899
IMG_2587.JPG,52,28267
IMG_2588.JPG,52,19687
IMG_2589.JPG,52,43169
IMG_2591.JPG,52,59462
IMG_2592.JPG,52,68133
IMG_2593.JPG,52,76817
IMG_2594.JPG,52,38186
IMG_2595.JPG,52,25378
IMG_2596.JPG,52,138090
IMG_2597.JPG,52,95202
IMG_2598.JPG,52,93906
IMG_2599.JPG,52,108124
IMG_2600.JPG,52,113392
IMG_2601.JPG,52,95366
IMG_2602.JPG,52,148452
IMG_2603.JPG,52,121176
IMG_2604.JPG,52,96995
IMG_2605.JPG,52,82663
IMG_2606.JPG,52,88227
IMG_2607.JPG,52,78629
IMG_2608.JPG,52,65760
IMG_2609.JPG,52,47709
IMG_2610.JPG,52,17974
IMG_2611.JPG,52,86323
IMG_2612.JPG,52,85873
IMG_2613.JPG,52,114195
IMG_2614.JPG,52,94923
IMG_2615.JPG,52,94521
IMG_2616.JPG,52,122485
IMG_2617.JPG,52,87007
IMG_2618.JPG,52,60760
IMG_2619.JPG,52,71045
IMG_2621.JPG,52,36613
IMG_2622.JPG,52,35010
IMG_2623.JPG,52,34832
IMG_2624.JPG,52,26345
IMG_2625.JPG,52,56600
IMG_2626.JPG,52,84904
IMG_2627.JPG,52,81179
IMG_2628.JPG,52,70626
IMG_2629.JPG,52,151554
IMG_2630.JPG,52,137092
IMG_2631.JPG,52,140937
IMG_2632.JPG,52,71879
IMG_2633.JPG,52,109436
IMG_2634.JPG,52,73721
IMG_2635.JPG,52,58123
IMG_2637.JPG,52,128213
IMG_2638.JPG,52,86824
IMG_2639.JPG,52,134751
IMG_2640.JPG,52,89124
IMG_2641.JPG,52,37591
IMG_2642.JPG,52,108848
IMG_2643.JPG,52,105699
IMG_2644.JPG,52,101195
IMG_2645.JPG,52,81298
IMG_2646.JPG,52,66255
IMG_2647.JPG,52,73484
IMG_2648.JPG,52,95613
IMG_2649.JPG,52,91260
IMG_2650.JPG,52,114809
IMG_2651.JPG,52,145628
IMG_2652.JPG,52,99793
IMG_2653.JPG,52,108941
IMG_2654.JPG,52,50542
IMG_2655.JPG,52,106803
IMG_2656.JPG,52,92580
IMG_2657.JPG,52,98704
IMG_2658.JPG,52,78464
IMG_2659.JPG,52,43132
IMG_2660.JPG,52,116957
IMG_2661.JPG,52,71131
IMG_2662.JPG,52,93503
IMG_2663.JPG,52,86115
IMG_2664.JPG,52,69990
IMG_2665.JPG,52,83765
IMG_2666.JPG,52,80068
IMG_2667.JPG,52,105913
IMG_2668.JPG,52,83735
IMG_2669.JPG,52,73502
IMG_2670.JPG,52,84176
IMG_2671.JPG,52,80596
IMG_2672.JPG,52,104853
IMG_2673.JPG,52,97774
IMG_2674.JPG,52,126825
IMG_2675.JPG,52,53047
IMG_2676.JPG,52,68047
IMG_2677.JPG,52,93092
IMG_2678.JPG,52,98971
IMG_2679.JPG,52,93647
IMG_2680.JPG,52,106216
IMG_2681.JPG,52,68758
IMG_2682.JPG,52,30428
IMG_2683.JPG,52,94889
IMG_2684.JPG,52,86219
IMG_2685.JPG,52,87274
IMG_2686.JPG,52,88214
IMG_2687.JPG,52,113349
IMG_2688.JPG,52,61507
IMG_2689.JPG,52,121107
IMG_2690.JPG,52,111550
IMG_2691.JPG,52,2181
IMG_2692.JPG,52,26105
IMG_2693.JPG,52,6096
IMG_2694.JPG,52,15170
IMG_2695.JPG,52,19693
IMG_2696.JPG,52,44748
IMG_2697.JPG,52,8270
IMG_2698.JPG,52,39216
IMG_2699.JPG,52,24172
IMG_2700.JPG,52,18943
IMG_2701.JPG,52,61871
IMG_2702.JPG,52,25051
IMG_2703.JPG,52,31845
IMG_2704.JPG,52,51797
IMG_2705.JPG,52,28297
IMG_2706.JPG,52,39700
IMG_2707.JPG,52,43462
IMG_2708.JPG,52,16790
IMG_2710.JPG,52,33346
IMG_2711.JPG,52,33797
IMG_2712.JPG,52,45215
IMG_2713.JPG,52,14285
IMG_2714.JPG,52,16588
IMG_2716.JPG,52,13641
IMG_2717.JPG,52,27985
IMG_2718.JPG,52,44278
IMG_2719.JPG,52,43660
IMG_2720.JPG,52,41994
IMG_2721.JPG,52,37101
IMG_2723.JPG,52,23789
IMG_2724.JPG,52,25226
IMG_2725.JPG,52,7556
IMG_2726.JPG,52,16211
IMG_2727.JPG,52,17368
IMG_2728.JPG,52,55941
IMG_2729.JPG,52,12481
IMG_2730.JPG,52,73509
IMG_2731.JPG,52,12554
IMG_2732.JPG,52,44959
IMG_2733.JPG,52,40205
IMG_2734.JPG,52,76225
IMG_2735.JPG,52,69695
IMG_2736.JPG,52,78025
IMG_2737.JPG,52,66773
IMG_2738.JPG,52,50472
IMG_2739.JPG,52,55132
IMG_2740.JPG,52,130588
IMG_2741.JPG,52,86613
IMG_2742.JPG,52,114105
IMG_2743.JPG,52,107765
IMG_2744.JPG,52,63302
IMG_2745.JPG,52,91425
IMG_2746.JPG,52,102140
IMG_2747.JPG,52,87123
IMG_2748.JPG,52,89534
IMG_2749.JPG,52,107114
IMG_2750.JPG,52,91413
IMG_2751.JPG,52,86806
IMG_2752.JPG,52,94725
IMG_2753.JPG,52,96709
IMG_2754.JPG,52,65086
IMG_2756.JPG,52,44526
IMG_2757.JPG,52,171001
IMG_2758.JPG,52,95811
IMG_2759.JPG,52,210959
IMG_2760.JPG,52,177065
IMG_2761.JPG,52,233061
IMG_2762.JPG,52,185901
IMG_2763.JPG,52,250760
IMG_2764.JPG,52,182992
IMG_2765.JPG,52,176268
IMG_2766.JPG,52,152593
IMG_2767.JPG,52,142032
IMG_2768.JPG,52,190749
IMG_2769.JPG,52,128215
IMG_2770.JPG,52,216077
IMG_2771.JPG,52,192075
IMG_2772.JPG,52,264083
IMG_2773.JPG,52,175428
IMG_2774.JPG,52,204035
IMG_2775.JPG,52,193938
IMG_2776.JPG,52,244479
IMG_2777.JPG,52,113279
IMG_2778.JPG,52,181471
IMG_2779.JPG,52,166822
IMG_2780.JPG,52,195211
IMG_2781.JPG,52,287079
IMG_2782.JPG,52,259750
IMG_2783.JPG,52,183511
IMG_2784.JPG,52,179079
IMG_2785.JPG,52,258288
IMG_2786.JPG,52,249740
IMG_2787.JPG,52,200751
IMG_2788.JPG,52,203778
IMG_2789.JPG,52,138215
IMG_2790.JPG,52,199125
IMG_2791.JPG,52,290021
IMG_2792.JPG,52,133464
IMG_2793.JPG,52,207577
IMG_2794.JPG,52,248397
IMG_2795.JPG,52,106016
IMG_2796.JPG,52,212433
IMG_2797.JPG,52,219475
IMG_2798.JPG,52,195865
IMG_2799.JPG,52,206035
IMG_2800.JPG,52,225404
IMG_2801.JPG,52,224461
IMG_2802.JPG,52,203279
IMG_2803.JPG,52,201977
IMG_2805.JPG,52,271554
IMG_2806.JPG,52,227174
IMG_2807.JPG,52,303623
IMG_2808.JPG,52,212405
IMG_2809.JPG,52,248573
IMG_2810.JPG,52,286418
IMG_2811.JPG,52,278483
IMG_2812.JPG,52,160436
IMG_2813.JPG,52,301032
IMG_2814.JPG,52,67546
IMG_2815.JPG,52,286810
IMG_2816.JPG,52,196439
IMG_2817.JPG,52,194669
IMG_2818.JPG,52,205336
IMG_2819.JPG,52,214973
IMG_2820.JPG,52,215635
IMG_2821.JPG,52,178792
IMG_2822.JPG,52,76964
IMG_2823.JPG,52,180873
IMG_2824.JPG,52,202213
IMG_2825.JPG,52,190301
IMG_2826.JPG,52,210047
IMG_2827.JPG,52,157579
IMG_2828.JPG,52,232510
IMG_2829.JPG,52,156400
IMG_2830.JPG,52,171339
IMG_2831.JPG,52,188647
IMG_2832.JPG,52,177061
IMG_2833.JPG,52,222047
IMG_2834.JPG,52,179056
IMG_2835.JPG,52,169204
IMG_2836.JPG,52,209718
IMG_2837.JPG,52,182233
IMG_2838.JPG,52,175227
IMG_2839.JPG,52,226370
IMG_2840.JPG,52,250410
IMG_2841.JPG,52,311312
IMG_2842.JPG,52,217115
IMG_2843.JPG,52,137231
IMG_2844.JPG,52,170236
IMG_2845.JPG,52,194941
IMG_2846.JPG,52,150343
IMG_2847.JPG,52,194935
IMG_2848.JPG,52,167467
IMG_2850.JPG,52,180496
IMG_2851.JPG,52,142844
IMG_2852.JPG,52,221221
IMG_2853.JPG,52,188776
IMG_2854.JPG,52,123383
IMG_2855.JPG,52,92198
IMG_2856.JPG,52,218263
IMG_2857.JPG,52,2504
IMG_2858.JPG,52,8723
IMG_2859.JPG,52,5383
IMG_2860.JPG,52,17343
IMG_2861.JPG,52,7147
IMG_2862.JPG,52,20373
IMG_2863.JPG,52,46428
IMG_2864.JPG,52,27298
IMG_2865.JPG,52,30077
IMG_2866.JPG,52,22620
IMG_2868.JPG,52,45781
IMG_2869.JPG,52,9140
IMG_2870.JPG,52,102337
IMG_2871.JPG,52,57364
IMG_2872.JPG,52,58902
IMG_2873.JPG,52,61453
IMG_2874.JPG,52,48603
IMG_2875.JPG,52,31866
IMG_2876.JPG,52,43222
IMG_2877.JPG,52,36139
IMG_2878.JPG,52,37566
IMG_2879.JPG,52,46713
IMG_2880.JPG,52,73700
IMG_2881.JPG,52,81626
IMG_2883.JPG,52,30776
IMG_2884.JPG,52,111114
IMG_2885.JPG,52,150885
IMG_2886.JPG,52,76637
IMG_2887.JPG,52,28246
IMG_2888.JPG,52,95190
IMG_2889.JPG,52,82987
IMG_2890.JPG,52,58082
IMG_2891.JPG,52,59999
IMG_2892.JPG,52,191622
IMG_2893.JPG,52,136973
IMG_2894.JPG,52,95291
IMG_2895.JPG,52,100911
IMG_2896.JPG,52,139225
IMG_2897.JPG,52,76299
IMG_2898.JPG,52,0
IMG_2899.JPG,52,2079
IMG_2900.JPG,52,21597
IMG_2901.JPG,52,11028
IMG_2902.JPG,52,12538
IMG_2903.JPG,52,11684
IMG_2904.JPG,52,35305
IMG_2906.JPG,52,133948
IMG_2907.JPG,52,167321
IMG_2908.JPG,52,64401
IMG_2909.JPG,52,64711
IMG_2911.JPG,52,29243
IMG_2912.JPG,52,74669
IMG_2913.JPG,52,144072
IMG_2914.JPG,52,160202
IMG_2915.JPG,52,33434
IMG_2916.JPG,52,144292
IMG_2917.JPG,52,190579
IMG_2918.JPG,52,88657
IMG_2919.JPG,52,67153
IMG_2920.JPG,52,107249
IMG_2921.JPG,52,84592
IMG_2922.JPG,52,82552
IMG_2923.JPG,52,29678
IMG_2924.JPG,52,132544
IMG_2925.JPG,52,75683
IMG_2926.JPG,52,168539
IMG_2927.JPG,52,16310
IMG_2928.JPG,52,221907
IMG_2929.JPG,52,241813
IMG_2930.JPG,52,209787
IMG_2931.JPG,52,116492
IMG_2932.JPG,52,202182
IMG_2933.JPG,52,271261
IMG_2934.JPG,52,229329
IMG_2935.JPG,52,176638
IMG_2936.JPG,52,119741
IMG_2937.JPG,52,275358
IMG_2938.JPG,52,2127
IMG_2939.JPG,52,19335
IMG_2940.JPG,52,57508
IMG_2941.JPG,52,48367
IMG_2942.JPG,52,36088
IMG_2943.JPG,52,73742
IMG_2944.JPG,52,62647
IMG_2945.JPG,52,103026
IMG_2946.JPG,52,83835
IMG_2947.JPG,52,98034
IMG_2948.JPG,52,161937
IMG_2949.JPG,52,77184
IMG_2950.JPG,52,83966
IMG_2951.JPG,52,163331
IMG_2952.JPG,52,95627
IMG_2953.JPG,52,141003
IMG_2954.JPG,52,101736
IMG_2955.JPG,52,103127
IMG_2956.JPG,52,99554
IMG_2957.JPG,52,94308
IMG_2958.JPG,52,105257
IMG_2959.JPG,52,156596
IMG_2960.JPG,52,127166
IMG_2961.JPG,52,144943
IMG_2962.JPG,52,154124
IMG_2963.JPG,52,162211
IMG_2964.JPG,52,115159
IMG_2965.JPG,52,122705
IMG_2967.JPG,52,112998
IMG_2968.JPG,52,101748
IMG_2969.JPG,52,124305
IMG_2970.JPG,52,118073
IMG_2971.JPG,52,178689
IMG_2972.JPG,52,159188
IMG_2973.JPG,52,127941
IMG_2974.JPG,52,127765
IMG_2975.JPG,52,133674
IMG_2976.JPG,52,134510
IMG_2977.JPG,52,149877
IMG_2985.JPG,52,35389
IMG_2986.JPG,52,59360
IMG_2987.JPG,52,95168
IMG_2988.JPG,52,153240
IMG_2989.JPG,52,130039
IMG_2990.JPG,52,107218
IMG_2991.JPG,52,142383
IMG_2992.JPG,52,147495
IMG_2993.JPG,52,129470
IMG_2994.JPG,52,135915
IMG_2995.JPG,52,264840
IMG_2996.JPG,52,97204
IMG_2997.JPG,52,206877
IMG_2998.JPG,52,181741
IMG_2999.JPG,52,223323
IMG_3000.JPG,52,172185
IMG_3001.JPG,52,135477
IMG_3002.JPG,52,131590
IMG_3003.JPG,52,133801
IMG_3004.JPG,52,111876
IMG_3005.JPG,52,130206
IMG_3006.JPG,52,101228
IMG_3007.JPG,52,89505
IMG_3008.JPG,52,121765
IMG_3009.JPG,52,123438
IMG_3010.JPG,52,115842
IMG_3011.JPG,52,80260
IMG_3012.JPG,52,121218
IMG_3013.JPG,52,120220
IMG_3014.JPG,52,129589
IMG_3015.JPG,52,130091
IMG_3016.JPG,52,139607
IMG_3017.JPG,52,200003
IMG_3018.JPG,52,161781
IMG_3019.JPG,52,216300
IMG_3020.JPG,52,126868
IMG_3021.JPG,52,181521
IMG_3022.JPG,52,137824
IMG_3023.JPG,52,101321
IMG_3024.JPG,52,149696
IMG_3028.JPG,52,70374
IMG_3029.JPG,52,67476
IMG_3030.JPG,52,67179
IMG_3031.JPG,52,77897
IMG_3032.JPG,52,99057
IMG_3033.JPG,52,110544
IMG_3034.JPG,52,87423
IMG_3035.JPG,52,154887
IMG_3036.JPG,52,164329
IMG_3039.JPG,52,93412
IMG_3040.JPG,52,174592
IMG_3043.JPG,52,61269
IMG_3044.JPG,52,70401
IMG_3046.JPG,52,130295
IMG_3047.JPG,52,173019
IMG_3048.JPG,52,120347
IMG_3049.JPG,52,123970
IMG_3050.JPG,52,116312
IMG_3051.JPG,52,135091
IMG_3053.JPG,52,117107
IMG_3054.JPG,52,125123
IMG_3055.JPG,52,114791
IMG_3056.JPG,52,111008
IMG_3057.JPG,52,120420
IMG_3058.JPG,52,132447
IMG_3059.JPG,52,136955
IMG_3060.JPG,52,145135
IMG_3061.JPG,52,138641
IMG_3062.JPG,52,137537
IMG_3063.JPG,52,105611
IMG_3064.JPG,52,163452
IMG_3065.JPG,52,106522
IMG_3066.JPG,52,97814
IMG_3067.JPG,52,114825
IMG_3068.JPG,52,145590
IMG_3069.JPG,52,144975
IMG_3070.JPG,52,162573
IMG_3071.JPG,52,111148
IMG_3072.JPG,52,161443
IMG_3073.JPG,52,162582
IMG_3074.JPG,52,178070
IMG_3075.JPG,52,169483
IMG_3076.JPG,52,140549
IMG_3077.JPG,52,38862
IMG_3078.JPG,52,127964
IMG_3079.JPG,52,120469
IMG_3080.JPG,52,242620
IMG_3081.JPG,52,53505
IMG_3082.JPG,52,185324
IMG_3083.JPG,52,158284
IMG_3084.JPG,52,246301
IMG_3085.JPG,52,233126
IMG_3086.JPG,52,105400
IMG_3087.JPG,52,47349
IMG_3088.JPG,52,153729
IMG_3089.JPG,52,176889
IMG_3090.JPG,52,218998
IMG_3091.JPG,52,99031
IMG_3092.JPG,52,163249
IMG_3093.JPG,52,119629
IMG_3095.JPG,52,115376
IMG_3096.JPG,52,133775
IMG_3097.JPG,52,128250
IMG_3102.JPG,52,6359
IMG_3104.JPG,52,37131
IMG_3105.JPG,52,34635
IMG_3106.JPG,52,54886
IMG_3107.JPG,52,85017
IMG_3108.JPG,52,85694
IMG_3109.JPG,52,144170
IMG_3110.JPG,52,139932
IMG_3111.JPG,52,82386
IMG_3112.JPG,52,141857
IMG_3113.JPG,52,151790
IMG_3114.JPG,52,138628
IMG_3115.JPG,52,88190
IMG_3116.JPG,52,83031
IMG_3117.JPG,52,140841
IMG_3118.JPG,52,97476
IMG_3120.JPG,52,131412
IMG_3121.JPG,52,88721
IMG_3122.JPG,52,135104
IMG_3123.JPG,52,164512
IMG_3125.JPG,52,143653
IMG_3126.JPG,52,257060
IMG_3127.JPG,52,108060
IMG_3128.JPG,52,137085
IMG_3130.JPG,52,105620
IMG_3131.JPG,52,112951
IMG_3132.JPG,52,149648
IMG_3133.JPG,52,174461
IMG_3134.JPG,52,107265
IMG_3135.JPG,52,95936
IMG_3136.JPG,52,130806
IMG_3137.JPG,52,125372
IMG_3138.JPG,52,137450
IMG_3139.JPG,52,104142
IMG_3140.JPG,52,102876
IMG_3141.JPG,52,77747
IMG_3143.JPG,52,49075
IMG_3144.JPG,52,132082
IMG_3145.JPG,52,122425
IMG_3146.JPG,52,152052
IMG_3147.JPG,52,135903
IMG_3148.JPG,52,113067
IMG_3149.JPG,52,162262
IMG_3150.JPG,52,231989
IMG_3151.JPG,52,192741
IMG_3152.JPG,52,105618
IMG_3153.JPG,52,104303
IMG_3154.JPG,52,126702
IMG_3155.JPG,52,131886
IMG_3156.JPG,52,152722
IMG_3157.JPG,52,133932
IMG_3158.JPG,52,146084
IMG_3159.JPG,52,105985
IMG_3160.JPG,52,128290
IMG_3161.JPG,52,131448
IMG_3162.JPG,52,127063
IMG_3163.JPG,52,125846
IMG_3164.JPG,52,133211
IMG_3165.JPG,52,142375
IMG_3166.JPG,52,156427
IMG_3167.JPG,52,99831
IMG_3168.JPG,52,92156
IMG_3169.JPG,52,156124
IMG_3170.JPG,52,91562
IMG_3171.JPG,52,54066
IMG_3172.JPG,52,157309
IMG_3173.JPG,52,97114
IMG_3174.JPG,52,119799
IMG_3176.JPG,52,99075
IMG_3177.JPG,52,107495
IMG_3178.JPG,52,80943
IMG_3179.JPG,52,141367
IMG_3180.JPG,52,109356
IMG_3181.JPG,52,119777
IMG_3182.JPG,52,131369
IMG_3183.JPG,52,126882
IMG_3184.JPG,52,86873
IMG_3185.JPG,52,131439
IMG_3186.JPG,52,170974
IMG_3187.JPG,52,95740
IMG_3188.JPG,52,138264
IMG_3189.JPG,52,81240
IMG_3190.JPG,52,120851
IMG_3191.JPG,52,98631
IMG_3192.JPG,52,118905
IMG_3193.JPG,52,136184
IMG_3194.JPG,52,115894
IMG_3195.JPG,52,98137
IMG_3196.JPG,52,85974
IMG_3197.JPG,52,59853
IMG_3198.JPG,52,184672
IMG_3199.JPG,52,198517
IMG_3200.JPG,52,83948
IMG_3201.JPG,52,89239
IMG_3202.JPG,52,96480
IMG_3203.JPG,52,78844
IMG_3204.JPG,52,107509
IMG_3205.JPG,52,133321
IMG_3206.JPG,52,114074
IMG_3207.JPG,52,22627
IMG_3208.JPG,52,114352
IMG_3209.JPG,52,145006
IMG_3210.JPG,52,87619
IMG_3211.JPG,52,129542
IMG_3212.JPG,52,100783
IMG_3213.JPG,52,84633
IMG_3214.JPG,52,111364
IMG_3215.JPG,52,208049
IMG_3216.JPG,52,101231
IMG_3217.JPG,52,92465
IMG_3218.JPG,52,71108
IMG_3219.JPG,52,120606
IMG_3220.JPG,52,157971
IMG_3221.JPG,52,127102
IMG_3222.JPG,52,144117
IMG_3223.JPG,52,109121
IMG_3224.JPG,52,83751
IMG_3225.JPG,52,102075
IMG_3226.JPG,52,66350
IMG_3227.JPG,52,88479
IMG_3228.JPG,52,96260
IMG_3229.JPG,52,92726
IMG_3230.JPG,52,93765
IMG_3231.JPG,52,78396
IMG_3232.JPG,52,98178
IMG_3233.JPG,52,113020
IMG_3234.JPG,52,142149
IMG_3235.JPG,52,116889
IMG_3236.JPG,52,93779
IMG_3237.JPG,52,74871
IMG_3238.JPG,52,99460
IMG_3239.JPG,52,73144
IMG_3240.JPG,52,107685
IMG_3241.JPG,52,87232
IMG_3242.JPG,52,117681
IMG_3243.JPG,52,102049
IMG_3246.JPG,52,82288
IMG_3247.JPG,52,35882
IMG_3248.JPG,52,95427
IMG_3249.JPG,52,34019
IMG_3250.JPG,52,70965
IMG_3251.JPG,52,86849
IMG_3252.JPG,52,56720
IMG_3253.JPG,52,140057
IMG_3254.JPG,52,65084
IMG_3255.JPG,52,148630
IMG_3256.JPG,52,119308
IMG_3257.JPG,52,108436
IMG_3258.JPG,52,53670
IMG_3259.JPG,52,94688
IMG_3260.JPG,52,81409
IMG_3261.JPG,52,119450
IMG_3262.JPG,52,81049
IMG_3263.JPG,52,97459
IMG_3264.JPG,52,141938
IMG_3265.JPG,52,68208
IMG_3266.JPG,52,78964
IMG_3267.JPG,52,91720
IMG_3268.JPG,52,72174
IMG_3269.JPG,52,54223
IMG_3270.JPG,52,96770
IMG_3271.JPG,52,28094
IMG_3272.JPG,52,47776
IMG_3273.JPG,52,72596
IMG_3274.JPG,52,68829
IMG_3275.JPG,52,104500
IMG_3276.JPG,52,101962
IMG_3277.JPG,52,42043
IMG_3283.JPG,52,104346
IMG_3284.JPG,52,98986
IMG_3285.JPG,52,131567
IMG_3286.JPG,52,82213
IMG_3287.JPG,52,88297
IMG_3288.JPG,52,70029
IMG_3289.JPG,52,62146
IMG_3290.JPG,52,67209
IMG_3291.JPG,52,63743
IMG_3292.JPG,52,128471
IMG_3293.JPG,52,36018
IMG_3294.JPG,52,43123
IMG_3295.JPG,52,25918
IMG_3296.JPG,52,39563
IMG_3298.JPG,52,87021
IMG_3299.JPG,52,123308
IMG_3300.JPG,52,40739
IMG_3301.JPG,52,56689
IMG_3302.JPG,52,30759
IMG_3303.JPG,52,45240
IMG_3304.JPG,52,76038
IMG_3305.JPG,52,74408
IMG_3306.JPG,52,39249
IMG_3308.JPG,52,33596
IMG_3309.JPG,52,49140
IMG_3310.JPG,52,79732
IMG_3311.JPG,52,36032
IMG_3312.JPG,52,29471
IMG_3313.JPG,52,91772
IMG_3314.JPG,52,41847
IMG_3316.JPG,52,201
IMG_3317.JPG,52,3032
IMG_3318.JPG,52,2825
IMG_3319.JPG,52,14402
IMG_3320.JPG,52,18367
IMG_3321.JPG,52,65184
IMG_3322.JPG,52,41274
IMG_3324.jpg,52,42277
IMG_3325.JPG,52,12032
IMG_3326.JPG,52,68353
IMG_3327.JPG,52,102145
IMG_3328.JPG,52,66800
IMG_3329.JPG,52,48967
IMG_3330.JPG,52,42450
IMG_3331.JPG,52,42034
IMG_3332.JPG,52,49302
IMG_3333.JPG,52,34423
IMG_3334.JPG,52,88392
IMG_3335.JPG,52,90184
IMG_3336.JPG,52,43706
IMG_3337.JPG,52,27692
IMG_3339.JPG,52,32524
IMG_3340.JPG,52,91024
IMG_3341.JPG,52,79640
IMG_3342.JPG,52,83773
IMG_3343.JPG,52,119523
IMG_3344.JPG,52,62642
IMG_3345.JPG,52,29143
IMG_3349.JPG,52,8629
IMG_3351.JPG,52,84455
IMG_3352.JPG,52,90497
IMG_3353.JPG,52,54703
IMG_3354.JPG,52,90146
IMG_3355.JPG,52,114016
IMG_3356.JPG,52,76730
IMG_3357.JPG,52,94671
IMG_3360.JPG,52,139900
IMG_3361.JPG,52,106331
IMG_3362.JPG,52,61266
IMG_3363.JPG,52,86447
IMG_3364.JPG,52,105536
IMG_3365.JPG,52,134984
IMG_3366.JPG,52,103217
IMG_3367.JPG,52,94577
IMG_3368.JPG,52,90303
IMG_3369.JPG,52,151212
IMG_3370.JPG,52,127869
IMG_3371.JPG,52,69400
IMG_3372.JPG,52,157557
IMG_3373.JPG,52,60277
IMG_3374.JPG,52,104290
IMG_3375.JPG,52,123498
IMG_3376.JPG,52,145171
IMG_3377.JPG,52,46175
IMG_3378.JPG,52,107790
IMG_3379.JPG,52,30003
IMG_3380.JPG,52,47448
IMG_3381.JPG,52,52226
IMG_3382.JPG,52,47732
IMG_3383.JPG,52,32457
IMG_3384.JPG,52,32245
IMG_3385.JPG,52,90735
IMG_3386.JPG,52,87179
IMG_3387.JPG,52,108222
IMG_3388.JPG,52,118053
IMG_3389.JPG,52,127273
IMG_3390.JPG,52,101810
IMG_3391.JPG,52,136272
IMG_3392.JPG,52,62762
IMG_3393.JPG,52,178856
IMG_3394.JPG,52,132987
IMG_3395.JPG,52,54308
IMG_3396.JPG,52,156428
IMG_3397.JPG,52,101299
IMG_3398.JPG,52,125774
IMG_3399.JPG,52,145465
IMG_3400.JPG,52,80989
IMG_3401.JPG,52,109347
IMG_3402.JPG,52,139026
IMG_3404.JPG,52,66981
IMG_3405.JPG,52,60794
IMG_3406.JPG,52,85996
IMG_3407.JPG,52,120969
IMG_3408.JPG,52,160071
IMG_3409.JPG,52,112362
IMG_3410.JPG,52,47783
IMG_3411.JPG,52,190575
IMG_3412.JPG,52,123080
IMG_3413.JPG,52,180944
IMG_3415.JPG,52,172296
IMG_3416.JPG,52,142138
IMG_3417.JPG,52,115503
IMG_3418.JPG,52,174729
IMG_3419.JPG,52,198954
IMG_3420.JPG,52,128914
IMG_3421.JPG,52,130138
IMG_3422.JPG,52,112300
IMG_3423.JPG,52,48903
IMG_3426.JPG,52,137229
IMG_3427.JPG,52,84348
IMG_3428.JPG,52,108334
IMG_3429.JPG,52,77005
IMG_3430.JPG,52,199568
IMG_3431.JPG,52,150014
IMG_3433.JPG,52,95200
IMG_3434.JPG,52,103696
IMG_3435.JPG,52,156361
IMG_3436.JPG,52,127637
IMG_3437.JPG,52,131204
IMG_3438.JPG,52,155034
IMG_3439.JPG,52,141887
IMG_3440.JPG,52,95835
IMG_3441.JPG,52,116458
IMG_3442.JPG,52,181507
IMG_3443.JPG,52,162278
IMG_3444.JPG,52,185665
IMG_3445.JPG,52,163035
IMG_3446.JPG,52,230196
IMG_3447.JPG,52,135531
IMG_3448.JPG,52,116848
IMG_3449.JPG,52,77783
IMG_3450.JPG,52,102008
IMG_3451.JPG,52,37896
IMG_3452.JPG,52,155352
IMG_3453.JPG,52,205277
IMG_3454.JPG,52,127570
IMG_3455.JPG,52,179569
IMG_3456.JPG,52,92006
IMG_3457.JPG,52,104945
IMG_3458.JPG,52,169345
IMG_3459.JPG,52,153021
IMG_3460.JPG,52,146659
IMG_3461.JPG,52,85241
IMG_3462.JPG,52,182149
IMG_3463.JPG,52,71829
IMG_3464.JPG,52,154537
IMG_3465.JPG,52,186272
IMG_3466.JPG,52,91181
IMG_3467.JPG,52,130034
IMG_3468.JPG,52,154694
IMG_3469.JPG,52,94229
IMG_3470.JPG,52,158739
IMG_3471.JPG,52,148882
IMG_3472.JPG,52,118516
IMG_3473.JPG,52,123596
IMG_3474.JPG,52,68153
IMG_3475.JPG,52,106778
IMG_3476.JPG,52,70972
IMG_3477.JPG,52,9676
IMG_3478.JPG,52,67543
IMG_3479.JPG,52,137387
IMG_3480.JPG,52,108299
IMG_3481.JPG,52,206426
IMG_3482.JPG,52,111082
IMG_3483.JPG,52,115871
IMG_3484.JPG,52,73218
IMG_3485.JPG,52,99797
IMG_3486.JPG,52,133911
IMG_3487.JPG,52,141506
IMG_3488.JPG,52,100041
IMG_3489.JPG,52,156228
IMG_3490.JPG,52,67383
IMG_3491.JPG,52,76205
IMG_3492.JPG,52,110412
IMG_3493.JPG,52,179549
IMG_3494.JPG,52,84930
IMG_3495.JPG,52,223024
IMG_3496.JPG,52,220687
IMG_3497.JPG,52,178005
IMG_3498.JPG,52,173627
IMG_3499.JPG,52,82830
IMG_3500.JPG,52,143741
IMG_3501.JPG,52,94601
IMG_3502.JPG,52,93765
IMG_3503.JPG,52,80646
IMG_3504.JPG,52,131170
IMG_3505.JPG,52,97878
IMG_3506.JPG,52,44718
IMG_3507.JPG,52,71039
IMG_3508.JPG,52,70149
IMG_3509.JPG,52,62151
IMG_3510.JPG,52,91159
IMG_3511.JPG,52,117344
IMG_3512.JPG,52,62860
IMG_3513.JPG,52,81568
IMG_3515.JPG,52,29686
IMG_3516.JPG,52,6551
IMG_3517.JPG,52,33829
IMG_3520.JPG,52,62483
IMG_3522.JPG,52,47875
IMG_3523.JPG,52,27877
IMG_3524.JPG,52,108414
IMG_3525.JPG,52,77690
IMG_3526.JPG,52,136929
IMG_3527.JPG,52,126776
IMG_3528.JPG,52,63087
IMG_3529.JPG,52,104884
IMG_3530.JPG,52,110184
IMG_3532.JPG,52,72684
IMG_3533.JPG,52,109458
IMG_3534.JPG,52,63101
IMG_3535.JPG,52,15404
IMG_3536.JPG,52,169345
IMG_3537.JPG,52,114564
IMG_3538.JPG,52,53223
IMG_3544.JPG,52,155731
IMG_3545.JPG,52,38795
IMG_3546.JPG,52,87326
IMG_3547.JPG,52,35188
IMG_3550.JPG,52,122790
IMG_3551.JPG,52,117051
IMG_3552.JPG,52,94745
IMG_3554.JPG,52,25732
IMG_3556.JPG,52,38710
IMG_3558.JPG,52,8069
IMG_3559.JPG,52,51638
IMG_3560.JPG,52,129516
IMG_3561.JPG,52,32638
IMG_3564.JPG,52,7914
IMG_3565.JPG,52,82669
IMG_3566.JPG,52,25529
IMG_3567.JPG,52,32895
IMG_3568.JPG,52,17465
IMG_3569.JPG,52,22630
IMG_3570.JPG,52,41856
IMG_3571.JPG,52,19274
IMG_3572.JPG,52,96578
IMG_3573.JPG,52,46076
IMG_3574.JPG,52,151057
IMG_3575.JPG,52,115042
IMG_3576.JPG,52,105803
IMG_3577.JPG,52,85428
IMG_3578.JPG,52,121215
IMG_3579.JPG,52,120535
IMG_3584.JPG,52,105246
IMG_3586.JPG,52,137545
IMG_3588.JPG,52,151891
IMG_3589.JPG,52,216696
IMG_3590.JPG,52,223189
IMG_3595.JPG,52,72612
IMG_3596.JPG,52,42171
IMG_3597.JPG,52,31673
IMG_3598.JPG,52,18150
IMG_3600.JPG,52,24924
IMG_3601.JPG,52,10548
IMG_3602.JPG,52,16805
IMG_3603.JPG,52,101857
IMG_3604.JPG,52,117755
IMG_3605.JPG,52,157492
IMG_3606.JPG,52,99106
IMG_3607.JPG,52,105915
IMG_3608.JPG,52,57634
IMG_3609.JPG,52,169404
IMG_3610.JPG,52,132716
IMG_3611.JPG,52,37595
IMG_3612.JPG,52,74073
IMG_3613.JPG,52,9516
IMG_3614.JPG,52,40131
IMG_3616.JPG,52,10680
IMG_3617.JPG,52,20169
IMG_3618.JPG,52,5634
IMG_3619.JPG,52,13514
IMG_3620.JPG,52,18379
IMG_3621.JPG,52,13467
IMG_3622.JPG,52,10919
IMG_3626.JPG,52,87397
IMG_3627.JPG,52,51480
IMG_3628.JPG,52,40745
IMG_3629.JPG,52,40661
IMG_3631.JPG,52,28038
IMG_3632.JPG,52,31363
IMG_3633.JPG,52,14995
IMG_3634.JPG,52,7654
IMG_3635.JPG,52,14314
IMG_3636.JPG,52,3393
IMG_3637.JPG,52,7515
IMG_3638.JPG,52,23902
IMG_3639.JPG,52,55766
IMG_3640.JPG,52,8925
IMG_3641.JPG,52,73780
IMG_3642.JPG,52,48731
IMG_3643.JPG,52,80123
IMG_3644.JPG,52,65173
IMG_3645.JPG,52,63390
IMG_3647.JPG,52,22085
IMG_3651.JPG,52,67525
IMG_3652.JPG,52,91595
IMG_3654.JPG,52,75968
IMG_3656.JPG,52,92854
IMG_3658.JPG,52,6738
IMG_3659.JPG,52,27103
IMG_3660.JPG,52,129548
IMG_3661.JPG,52,133139
IMG_3662.JPG,52,23956
IMG_3663.JPG,52,92934
IMG_3664.JPG,52,134219
IMG_3666.JPG,52,46032
IMG_3668.JPG,52,82704
IMG_3669.JPG,52,25171
IMG_3670.JPG,52,82825
IMG_3671.JPG,52,161389
IMG_3672.JPG,52,32502
IMG_3673.JPG,52,49533
IMG_3676.JPG,52,38277
IMG_3678.JPG,52,130329
IMG_3679.JPG,52,165503
IMG_3681.JPG,52,58050
IMG_3682.JPG,52,207731
IMG_3684.JPG,52,145075
IMG_3686.JPG,52,178881
IMG_3687.JPG,52,44940
IMG_3689.JPG,52,53640
IMG_3690.JPG,52,52598
IMG_3691.JPG,52,50958
IMG_3692.JPG,52,21692
IMG_3696.JPG,52,107766
IMG_3698.JPG,52,59266
IMG_3699.JPG,52,121194
IMG_3700.JPG,52,27868
IMG_3701.JPG,52,120669
IMG_3703.JPG,52,21302
IMG_3704.JPG,52,121774
IMG_3705.JPG,52,58327
IMG_3706.JPG,52,113216
IMG_3708.JPG,52,195932
IMG_3709.JPG,52,131382
IMG_3710.JPG,52,31621
IMG_3711.JPG,52,15252
IMG_3712.JPG,52,4436
IMG_3713.JPG,52,119663
IMG_3714.JPG,52,10733
IMG_3715.JPG,52,113640
IMG_3716.JPG,52,53161
IMG_3717.JPG,52,43399
IMG_3718.JPG,52,118548
IMG_3719.JPG,52,8559
IMG_3720.JPG,52,142150
IMG_3721.JPG,52,34367
IMG_3722.JPG,52,7601
IMG_3725.JPG,52,9994
IMG_3726.JPG,52,30759
IMG_3727.JPG,52,52156
IMG_3728.JPG,52,65502
IMG_3729.JPG,52,50801
IMG_3730.JPG,52,66380
IMG_3731.JPG,52,25297
IMG_3732.JPG,52,58998
IMG_3733.JPG,52,11098
IMG_3734.JPG,52,84800
IMG_3735.JPG,52,116344
IMG_3736.JPG,52,29901
IMG_3737.JPG,52,31288
IMG_3738.JPG,52,67953
IMG_3739.JPG,52,46509
IMG_3740.JPG,52,73543
IMG_3745.JPG,52,6721
IMG_3746.JPG,52,46150
IMG_3747.JPG,52,2829
IMG_3748.JPG,52,36468
IMG_3749.JPG,52,99265
IMG_3750.JPG,52,74112
IMG_3751.JPG,52,105317
IMG_3752.JPG,52,111276
IMG_3753.JPG,52,157369
IMG_3754.JPG,52,212201
IMG_3755.JPG,52,200481
IMG_3756.JPG,52,314934
IMG_3757.JPG,52,215729
IMG_3758.JPG,52,221082
IMG_3759.JPG,52,231306
IMG_3760.JPG,52,91619
IMG_3761.JPG,52,83807
IMG_3762.JPG,52,110862
IMG_3763.JPG,52,188693
IMG_3764.JPG,52,238549
IMG_3765.JPG,52,159860
IMG_3767.JPG,52,75030
IMG_3771.JPG,52,208043
IMG_3772.JPG,52,231800
IMG_3773.JPG,52,131412
IMG_3774.JPG,52,113172
IMG_3775.JPG,52,134275
IMG_3776.JPG,52,134285
IMG_3777.JPG,52,139347
IMG_3778.JPG,52,143709
IMG_3779.JPG,52,114939
IMG_3780.JPG,52,147607
IMG_3782.JPG,52,142083
IMG_3784.JPG,52,45789
IMG_3785.JPG,52,104550
IMG_3786.JPG,52,40470
IMG_3788.JPG,52,76328
IMG_3791.JPG,52,6644
IMG_3792.JPG,52,42013
IMG_3793.JPG,52,47660
IMG_3794.JPG,52,29009
IMG_3796.JPG,52,16438
IMG_3797.JPG,52,34654
IMG_3799.JPG,52,3904
IMG_3800.JPG,52,3763
IMG_3801.JPG,52,123789
IMG_3802.JPG,52,41100
IMG_3803.JPG,52,134144
IMG_3804.JPG,52,101332
IMG_3805.JPG,52,60425
IMG_3806.JPG,52,99537
IMG_3807.JPG,52,73773
IMG_3808.JPG,52,57794
IMG_3809.JPG,52,63766
IMG_3810.JPG,52,62637
IMG_3811.JPG,52,89060
IMG_3813.JPG,52,70554
IMG_3814.JPG,52,163935
IMG_3815.JPG,52,19899
IMG_3816.JPG,52,25067
IMG_3817.JPG,52,14752
IMG_3818.JPG,52,40757
IMG_3819.JPG,52,107182
IMG_3820.JPG,52,15168
IMG_3821.JPG,52,10703
IMG_3822.JPG,52,7910
IMG_3823.JPG,52,5069
IMG_3824.JPG,52,4291
IMG_3825.JPG,52,28548
IMG_3826.JPG,52,26665
IMG_3827.JPG,52,5449
IMG_3828.JPG,52,29708
IMG_3829.JPG,52,2921
IMG_3830.JPG,52,38360
IMG_3831.JPG,52,9437
IMG_3832.JPG,52,63813
IMG_3833.JPG,52,35759
IMG_3834.JPG,52,11296
IMG_3835.JPG,52,79332
IMG_3836.JPG,52,93130
IMG_3837.JPG,52,62660
IMG_3839.JPG,52,24418
IMG_3840.JPG,52,705
IMG_3842.JPG,52,30077
IMG_3843.JPG,52,3719
IMG_3844.JPG,52,9019
IMG_3846.JPG,52,43601
IMG_3848.JPG,52,27096
IMG_3849.JPG,52,30173
IMG_3850.JPG,52,92636
IMG_3851.JPG,52,152917
IMG_3852.JPG,52,94001
IMG_3853.JPG,52,183505
IMG_3854.JPG,52,168293
IMG_3855.JPG,52,156549
IMG_3856.JPG,52,135854
IMG_3857.JPG,52,85929
IMG_3858.JPG,52,172479
IMG_3859.JPG,52,180276
IMG_3860.JPG,52,116861
IMG_3861.JPG,52,80535
IMG_3862.JPG,52,84231
IMG_3863.JPG,52,97101
IMG_3864.JPG,52,114768
IMG_3865.JPG,52,169845
IMG_3866.JPG,52,152079
IMG_3867.JPG,52,184638
IMG_3868.JPG,52,166504
IMG_3869.JPG,52,71664
IMG_3870.JPG,52,32945
IMG_3871.JPG,52,27846
IMG_3872.JPG,52,29968
IMG_3873.JPG,52,27347
IMG_3874.JPG,52,28721
IMG_3875.JPG,52,66473
IMG_3876.JPG,52,40158
IMG_3877.JPG,52,38595
IMG_3878.JPG,52,30079
IMG_3879.JPG,52,13348
IMG_3880.JPG,52,94677
IMG_3881.JPG,52,78507
IMG_3882.JPG,52,134873
IMG_3883.JPG,52,72309
IMG_3884.JPG,52,113941
IMG_3885.JPG,52,74688
IMG_3886.JPG,52,145756
IMG_3887.JPG,52,106908
IMG_3888.JPG,52,77540
IMG_3889.JPG,52,144922
IMG_3890.JPG,52,152965
IMG_3891.JPG,52,37864
IMG_3892.JPG,52,130004
IMG_3893.JPG,52,151340
IMG_3894.JPG,52,72985
IMG_3895.JPG,52,81459
IMG_3896.JPG,52,89391
IMG_3897.JPG,52,7372
IMG_3898.JPG,52,53577
IMG_3899.JPG,52,64062
IMG_3900.JPG,52,51387
IMG_3901.JPG,52,13299
IMG_3902.JPG,52,48086
IMG_3904.JPG,52,15855
IMG_3905.JPG,52,70976
IMG_3906.JPG,52,140945
IMG_3907.JPG,52,42321
IMG_3908.JPG,52,83150
IMG_3909.JPG,52,41666
IMG_3910.JPG,52,67901
IMG_3911.JPG,52,64152
IMG_3912.JPG,52,69600
IMG_3914.JPG,52,60410
IMG_3915.JPG,52,63181
IMG_3917.JPG,52,38408
IMG_3918.JPG,52,70387
IMG_3919.JPG,52,96781
IMG_3920.JPG,52,92095
IMG_3921.JPG,52,105940
IMG_3922.JPG,52,30642
IMG_3923.JPG,52,33529
IMG_3924.JPG,52,110874
IMG_3925.JPG,52,14256
IMG_3926.JPG,52,63572
IMG_3927.JPG,52,22893
IMG_3928.JPG,52,114364
IMG_3930.JPG,52,29384
IMG_3933.JPG,52,75534
IMG_3935.JPG,52,66694
IMG_3937.JPG,52,1416
IMG_3938.JPG,52,19926
IMG_3939.JPG,52,304
IMG_3942.JPG,52,704
IMG_3943.JPG,52,3761
IMG_3944.JPG,52,2987
IMG_3945.JPG,52,30324
IMG_3946.JPG,52,66427
IMG_3950.JPG,52,19876
IMG_3951.JPG,52,36949
IMG_3952.JPG,52,14191
IMG_3953.JPG,52,45673
IMG_3954.JPG,52,38148
IMG_3955.JPG,52,39188
IMG_3956.JPG,52,23092
IMG_3957.JPG,52,43354
IMG_3958.JPG,52,53485
IMG_3959.JPG,52,25450
IMG_3960.JPG,52,34432
IMG_3961.JPG,52,28516
IMG_3962.JPG,52,15722
IMG_3963.JPG,52,10548
IMG_3964.JPG,52,34078
IMG_3965.JPG,52,24104
IMG_3966.JPG,52,32690
IMG_3967.JPG,52,28952
IMG_3969.JPG,52,88524
IMG_3970.JPG,52,54170
IMG_3971.JPG,52,78335
IMG_3972.JPG,52,90206
IMG_3973.JPG,52,43203
IMG_3974.JPG,52,54794
IMG_3975.JPG,52,56695
IMG_3976.JPG,52,26651
IMG_3977.JPG,52,109465
IMG_3978.JPG,52,42000
IMG_3979.JPG,52,62932
IMG_3980.JPG,52,36042
IMG_3981.JPG,52,8849
IMG_3982.JPG,52,120203
IMG_3983.JPG,52,82993
IMG_3984.JPG,52,9452
IMG_3985.JPG,52,114205
IMG_3986.JPG,52,82352
IMG_3987.JPG,52,133987
IMG_3988.JPG,52,16488
IMG_3989.JPG,52,5389
IMG_3990.JPG,52,39983
IMG_3991.JPG,52,2459
IMG_3992.JPG,52,4227
IMG_3993.JPG,52,11206
IMG_3994.JPG,52,17736
IMG_3995.JPG,52,9704
IMG_3996.JPG,52,37843
IMG_3997.JPG,52,65728
IMG_3998.JPG,52,48621
IMG_3999.JPG,52,17267
IMG_4000.JPG,52,47597
IMG_4001.JPG,52,33174
IMG_4002.JPG,52,60907
IMG_4003.JPG,52,48581
IMG_4004.JPG,52,28454
IMG_4005.JPG,52,23485
IMG_4006.JPG,52,58655
IMG_4007.JPG,52,56361
IMG_4008.JPG,52,75376
IMG_4009.JPG,52,97418
IMG_4010.JPG,52,32698
IMG_4011.JPG,52,96721
IMG_4012.JPG,52,78114
IMG_4013.JPG,52,93432
IMG_4014.JPG,52,88017
IMG_4015.JPG,52,6480
IMG_4016.JPG,52,73924
IMG_4017.JPG,52,16104
IMG_4018.JPG,52,12793
IMG_4019.JPG,52,3240
IMG_4020.JPG,52,4683
IMG_4021.JPG,52,4049
IMG_4022.JPG,52,5681
IMG_4023.JPG,52,2731
IMG_4024.JPG,52,2105
IMG_4025.JPG,52,1367
IMG_4026.JPG,52,2055
IMG_4027.JPG,52,52480
IMG_4028.JPG,52,61206
IMG_4029.JPG,52,49927
IMG_4030.JPG,52,64144
IMG_4031.JPG,52,24242
IMG_4032.JPG,52,2211
IMG_4033.JPG,52,6208
IMG_4034.JPG,52,40247
IMG_4035.JPG,52,46938
IMG_4036.JPG,52,2772
IMG_4037.JPG,52,54384
IMG_4038.JPG,52,51112
IMG_4039.JPG,52,50683
IMG_4040.JPG,52,11842
IMG_4041.JPG,52,41540
IMG_4042.JPG,52,16740
IMG_4043.JPG,52,32382
IMG_4044.JPG,52,2583
IMG_4045.JPG,52,25687
IMG_4046.JPG,52,39645
IMG_4047.JPG,52,24484
IMG_4048.JPG,52,543
IMG_4049.JPG,52,6572
IMG_4050.JPG,52,40722
IMG_4051.JPG,52,13761
IMG_4052.JPG,52,1588
IMG_4053.JPG,52,50735
IMG_4054.JPG,52,30060
IMG_4056.JPG,52,34000
IMG_4057.JPG,52,1863
IMG_4058.JPG,52,54906
IMG_4059.JPG,52,62486
IMG_4061.JPG,52,38499
IMG_4062.JPG,52,1285
IMG_4063.JPG,52,29757
IMG_4064.JPG,52,15807
IMG_4065.JPG,52,101
IMG_4066.JPG,52,529
IMG_4068.JPG,52,28920
IMG_4069.JPG,52,19022
IMG_4070.JPG,52,2852
IMG_4071.JPG,52,36708
IMG_4072.JPG,52,6063
IMG_4073.JPG,52,29940
IMG_4074.JPG,52,1715
IMG_4075.JPG,52,18109
IMG_4076.JPG,52,7012
IMG_4077.JPG,52,43025
IMG_4078.JPG,52,42279
IMG_4079.JPG,52,54839
IMG_4080.JPG,52,30221
IMG_4081.JPG,52,68155
IMG_4082.JPG,52,41629
IMG_4083.JPG,52,1997
IMG_4084.JPG,52,40939
IMG_4085.JPG,52,16769
IMG_4086.JPG,52,27043
IMG_4087.JPG,52,3708
IMG_4088.JPG,52,5357
IMG_4089.JPG,52,2950
IMG_4090.JPG,52,2300
IMG_4091.JPG,52,6501
IMG_4092.JPG,52,6852
IMG_4093.JPG,52,13026
IMG_4094.JPG,52,1471
IMG_4095.JPG,52,1944
IMG_4097.JPG,52,32645
IMG_4098.JPG,52,81589
IMG_4099.JPG,52,36221
IMG_4100.JPG,52,30491
IMG_4101.JPG,52,65963
IMG_4102.JPG,52,31536
IMG_4103.JPG,52,31019
IMG_4104.JPG,52,23085
IMG_4105.JPG,52,19996
IMG_4106.JPG,52,58632
IMG_4107.JPG,52,49718
IMG_4108.JPG,52,107107
IMG_4109.JPG,52,19859
IMG_4110.JPG,52,28188
IMG_4111.JPG,52,72967
IMG_4112.JPG,52,129550
IMG_4113.JPG,52,59319
IMG_4114.JPG,52,17527
IMG_4115.JPG,52,2343
IMG_4116.JPG,52,23750
IMG_4117.JPG,52,1938
IMG_4118.JPG,52,11020
IMG_4119.JPG,52,32598
IMG_4120.JPG,52,1363
IMG_4121.JPG,52,7413
IMG_4122.JPG,52,15529
IMG_4123.JPG,52,44677
IMG_4124.JPG,52,73998
IMG_4125.JPG,52,44022
IMG_4126.JPG,52,58451
IMG_4127.JPG,52,55943
IMG_4128.JPG,52,76437
IMG_4129.JPG,52,15797
IMG_4130.JPG,52,25445
IMG_4131.JPG,52,30175
IMG_4132.JPG,52,102302
IMG_4133.JPG,52,121389
IMG_4134.JPG,52,32895
IMG_4135.JPG,52,92701
IMG_4136.JPG,52,55540
IMG_4137.JPG,52,66662
IMG_4138.JPG,52,63909
IMG_4139.JPG,52,21843
IMG_4140.JPG,52,31001
IMG_4141.JPG,52,7366
IMG_4142.JPG,52,9752
IMG_4143.JPG,52,7451
IMG_4144.JPG,52,4555
IMG_4145.JPG,52,2887
IMG_4146.JPG,52,5249
IMG_4147.JPG,52,2515
IMG_4148.JPG,52,52307
IMG_4149.JPG,52,7347
IMG_4150.JPG,52,18954
IMG_4151.JPG,52,10767
IMG_4152.JPG,52,8446
IMG_4153.JPG,52,25401
IMG_4155.JPG,52,33963
IMG_4156.JPG,52,18098
IMG_4157.JPG,52,20230
IMG_4158.JPG,52,44692
IMG_4159.JPG,52,18669
IMG_4160.JPG,52,2703
IMG_4161.JPG,52,35675
IMG_4162.JPG,52,22921
IMG_4163.JPG,52,7667
IMG_4164.JPG,52,3372
IMG_4165.JPG,52,11413
IMG_4166.JPG,52,8535
IMG_4167.JPG,52,16555
IMG_4168.JPG,52,34084
IMG_4169.JPG,52,43698
IMG_4170.JPG,52,55056
IMG_4171.JPG,52,17151
IMG_4173.JPG,52,518
IMG_4174.JPG,52,462
IMG_4175.JPG,52,2608
IMG_4176.JPG,52,2141
IMG_4177.JPG,52,1278
IMG_4178.JPG,52,972
IMG_4179.JPG,52,182
IMG_4180.JPG,52,908
IMG_4181.JPG,52,682
IMG_4182.JPG,52,650
IMG_4183.JPG,52,37506
IMG_4184.JPG,52,1515
IMG_4185.JPG,52,44600
IMG_4186.JPG,52,8542
IMG_4187.JPG,52,31878
IMG_4188.JPG,52,3923
IMG_4189.JPG,52,33310
IMG_4190.JPG,52,28268
IMG_4191.JPG,52,1376
IMG_4192.JPG,52,26269
IMG_4193.JPG,52,6409
IMG_4195.JPG,52,33491
IMG_4196.JPG,52,25916
IMG_4197.JPG,52,2410
IMG_4198.JPG,52,15
IMG_4199.JPG,52,1585
IMG_4200.JPG,52,2151
IMG_4201.JPG,52,8256
IMG_4202.JPG,52,2566
IMG_4203.JPG,52,2531
IMG_4205.JPG,52,628
IMG_4207.JPG,52,28478
IMG_4209.JPG,52,1
IMG_4210.JPG,52,153
IMG_4211.JPG,52,4372
IMG_4213.JPG,52,2066
IMG_4214.JPG,52,34997
IMG_4215.JPG,52,22252
IMG_4216.JPG,52,46144
IMG_4217.JPG,52,29725
IMG_4218.JPG,52,13222
IMG_4222.JPG,52,5965
IMG_4223.JPG,52,733
IMG_4224.JPG,52,1431
IMG_4225.JPG,52,10295
IMG_4226.JPG,52,32881
IMG_4227.JPG,52,57759
IMG_4228.JPG,52,9402
IMG_4229.JPG,52,3217
IMG_4230.JPG,52,3578
IMG_4231.JPG,52,38784
IMG_4232.JPG,52,579
IMG_4233.JPG,52,14303
IMG_4234.JPG,52,2556
IMG_4235.JPG,52,743
IMG_4236.JPG,52,2625
IMG_4237.JPG,52,973
IMG_4238.JPG,52,372
IMG_4239.JPG,52,3516
IMG_4240.JPG,52,8304
IMG_4242.JPG,52,105767
IMG_4243.JPG,52,31638
IMG_4244.JPG,52,59971
IMG_4245.JPG,52,42495
IMG_4247.JPG,52,58248
IMG_4249.JPG,52,93881
IMG_4250.JPG,52,46633
IMG_4251.JPG,52,3859
IMG_4252.JPG,52,69383
IMG_4253.JPG,52,109053
IMG_4254.JPG,52,9582
IMG_4255.JPG,52,102131
IMG_4257.JPG,52,123444
IMG_4258.JPG,52,7337
IMG_4259.JPG,52,49649
IMG_4260.JPG,52,83026
IMG_4261.JPG,52,9529
IMG_4262.JPG,52,53547
IMG_4263.JPG,52,139849
IMG_4264.JPG,52,63555
IMG_4265.JPG,52,96819
IMG_4266.JPG,52,31122
IMG_4267.JPG,52,69235
IMG_4268.JPG,52,2767
IMG_4269.JPG,52,47198
IMG_4270.JPG,52,36547
IMG_4271.JPG,52,114590
IMG_4272.JPG,52,58561
IMG_4273.JPG,52,91670
IMG_4274.JPG,52,6115
IMG_4275.JPG,52,60876
IMG_4276.JPG,52,6179
IMG_4277.JPG,52,41181
IMG_4278.JPG,52,17765
IMG_4279.JPG,52,2962
IMG_4280.JPG,52,11478
IMG_4281.JPG,52,1503
IMG_4282.JPG,52,63739
IMG_4283.JPG,52,12364
IMG_4284.JPG,52,52378
IMG_4285.JPG,52,45124
IMG_4286.JPG,52,23259
IMG_4287.JPG,52,2129
IMG_4288.JPG,52,56718
IMG_4289.JPG,52,4268
IMG_4290.JPG,52,1707
IMG_4291.JPG,52,50604
IMG_4292.JPG,52,1989
IMG_4293.JPG,52,65601
IMG_4294.JPG,52,71093
IMG_4295.JPG,52,12260
IMG_4296.JPG,52,35502
IMG_4297.JPG,52,14426
IMG_4299.JPG,52,38016
IMG_4300.JPG,52,29649
IMG_4301.JPG,52,30185
IMG_4302.JPG,52,7078
IMG_4303.JPG,52,31252
IMG_4304.JPG,52,17394
IMG_4305.JPG,52,32836
IMG_4306.JPG,52,24779
IMG_4307.JPG,52,56251
IMG_4308.JPG,52,95260
IMG_4309.JPG,52,4968
IMG_4310.JPG,52,14591
IMG_4311.JPG,52,6447
IMG_4312.JPG,52,6887
IMG_4313.JPG,52,6153
IMG_4315.JPG,52,13039
IMG_4317.JPG,52,18956
IMG_4318.JPG,52,25137
IMG_4319.JPG,52,46301
IMG_4320.JPG,52,35569
IMG_4321.JPG,52,14667
IMG_4322.JPG,52,38678
IMG_4323.JPG,52,64012
IMG_4324.JPG,52,61586
IMG_4325.JPG,52,3118
IMG_4326.JPG,52,12493
IMG_4327.JPG,52,35975
IMG_4328.JPG,52,17311
IMG_4329.JPG,52,34194
IMG_4330.JPG,52,5598
IMG_4331.JPG,52,28031
IMG_4332.JPG,52,5724
IMG_4333.JPG,52,6087
IMG_4334.JPG,52,3189
IMG_4335.JPG,52,1369
IMG_4336.JPG,52,2552
IMG_4337.JPG,52,3580
IMG_4338.JPG,52,2201
IMG_4339.JPG,52,6146
IMG_4340.JPG,52,1522
IMG_4341.JPG,52,68102
IMG_4342.JPG,52,7122
IMG_4343.JPG,52,48035
IMG_4344.JPG,52,44956
IMG_4345.JPG,52,22874
IMG_4346.JPG,52,36052
IMG_4347.JPG,52,23720
IMG_4348.JPG,52,7644
IMG_4349.JPG,52,6346
IMG_4350.JPG,52,5760
IMG_4351.JPG,52,17565
IMG_4352.JPG,52,2183
IMG_4353.JPG,52,5311
IMG_4354.JPG,52,33510
IMG_4355.JPG,52,2616
IMG_4356.JPG,52,1244
IMG_4357.JPG,52,1017
IMG_4358.JPG,52,2481
IMG_4359.JPG,52,11126
IMG_4360.JPG,52,1259
IMG_4361.JPG,52,2825
IMG_4362.JPG,52,1108
IMG_4363.JPG,52,911
IMG_4364.JPG,52,2724
IMG_4365.JPG,52,1817
IMG_4366.JPG,52,1516
IMG_4367.JPG,52,5546
IMG_4368.JPG,52,5617
IMG_4369.JPG,52,1794
IMG_4370.JPG,52,9155
IMG_4371.JPG,52,2379
IMG_4372.JPG,52,1181
IMG_4373.JPG,52,24527
IMG_4374.JPG,52,13386
IMG_4375.JPG,52,18606
IMG_4376.JPG,52,1222
IMG_4377.JPG,52,6419
IMG_4378.JPG,52,6110
IMG_4379.JPG,52,15530
IMG_4380.JPG,52,1085
IMG_4381.JPG,52,24057
IMG_4386.JPG,52,24142
IMG_4387.JPG,52,27382
IMG_4388.JPG,52,24928
IMG_4389.JPG,52,47214
IMG_4390.JPG,52,48837
IMG_4391.JPG,52,24141
IMG_4392.JPG,52,50031
IMG_4393.JPG,52,41482
IMG_4394.JPG,52,20712
IMG_4395.JPG,52,26278
IMG_4396.JPG,52,54050
IMG_4399.JPG,52,102670
IMG_4400.JPG,52,23494
IMG_4401.JPG,52,8413
IMG_4402.JPG,52,60241
IMG_4403.JPG,52,75776
IMG_4404.JPG,52,20642
IMG_4405.JPG,52,74694
IMG_4406.JPG,52,4475
IMG_4407.JPG,52,4723
IMG_4408.JPG,52,10534
IMG_4409.JPG,52,1651
IMG_4410.JPG,52,6283
IMG_4411.JPG,52,6007
IMG_4412.JPG,52,3321
IMG_4413.JPG,52,24394
IMG_4414.JPG,52,40190
IMG_4415.JPG,52,9757
IMG_4416.JPG,52,1951
IMG_4417.JPG,52,16745
IMG_4418.JPG,52,8316
IMG_4419.JPG,52,72239
IMG_4420.JPG,52,35929
IMG_4421.JPG,52,24319
IMG_4422.JPG,52,12307
IMG_4423.JPG,52,23165
IMG_4424.JPG,52,38043
IMG_4425.JPG,52,43884
IMG_4426.JPG,52,52065
IMG_4427.JPG,52,12120
IMG_4428.JPG,52,62201
IMG_4429.JPG,52,68789
IMG_4430.JPG,52,80319
IMG_4431.JPG,52,56200
IMG_4434.JPG,52,8024
IMG_4435.JPG,52,5757
IMG_4436.JPG,52,4724
IMG_4437.JPG,52,6647
IMG_4438.JPG,52,5258
IMG_4439.JPG,52,1113
IMG_4440.JPG,52,2071
IMG_4441.JPG,52,1073
IMG_4442.JPG,52,2832
IMG_4443.JPG,52,56038
IMG_4444.JPG,52,36340
IMG_4445.JPG,52,24652
IMG_4446.JPG,52,27018
IMG_4447.JPG,52,33727
IMG_4448.JPG,52,45590
IMG_4449.JPG,52,6814
IMG_4450.JPG,52,24971
IMG_4451.JPG,52,12464
IMG_4452.JPG,52,18275
IMG_4453.JPG,52,54888
IMG_4455.JPG,52,3348
IMG_4456.JPG,52,1079
IMG_4457.JPG,52,19644
IMG_4458.JPG,52,28936
IMG_4459.JPG,52,4161
IMG_4460.JPG,52,1109
IMG_4461.JPG,52,13185
IMG_4462.JPG,52,26511
IMG_4463.JPG,52,3947
IMG_4465.JPG,52,635
IMG_4466.JPG,52,651
IMG_4467.JPG,52,4730
IMG_4468.JPG,52,917
IMG_4469.JPG,52,855
IMG_4470.JPG,52,925
IMG_4471.JPG,52,1665
IMG_4472.JPG,52,48126
IMG_4473.JPG,52,1441
IMG_4474.JPG,52,9719
IMG_4475.JPG,52,17306
IMG_4476.JPG,52,21581
IMG_4477.JPG,52,9219
IMG_4478.JPG,52,5050
IMG_4479.JPG,52,2479
IMG_4480.JPG,52,49142
IMG_4483.JPG,52,17637
IMG_4484.JPG,52,12255
IMG_4486.JPG,52,24511
IMG_4487.JPG,52,23841
IMG_4488.JPG,52,9344
IMG_4490.JPG,52,11387
IMG_4491.JPG,52,2373
IMG_4492.JPG,52,26554
IMG_4493.JPG,52,26967
IMG_4494.JPG,52,46168
IMG_4496.JPG,52,52474
IMG_4497.JPG,52,31349
IMG_4499.JPG,52,21040
IMG_4500.JPG,52,5364
IMG_4501.JPG,52,24840
IMG_4506.JPG,52,879
IMG_4507.JPG,52,3154
IMG_4508.JPG,52,2249
IMG_4509.JPG,52,10379
IMG_4510.JPG,52,297
IMG_4511.JPG,52,1570
IMG_4512.JPG,52,9522
IMG_4513.JPG,52,24006
IMG_4514.JPG,52,14837
IMG_4515.JPG,52,18567
IMG_4516.JPG,52,10500
IMG_4517.JPG,52,11284
IMG_4518.JPG,52,5212
IMG_4519.JPG,52,3441
IMG_4520.JPG,52,1508
IMG_4521.JPG,52,10163
IMG_4522.JPG,52,23030
IMG_4523.JPG,52,59110
IMG_4524.JPG,52,2893
IMG_4525.JPG,52,3804
IMG_4526.JPG,52,30211
IMG_4527.JPG,52,68143
IMG_4528.JPG,52,27364
IMG_4529.JPG,52,4228
IMG_4530.JPG,52,336
IMG_4531.JPG,52,1824
IMG_4532.JPG,52,2075
IMG_4533.JPG,52,2311
IMG_4534.JPG,52,9804
IMG_4535.JPG,52,928
IMG_4536.JPG,52,675
IMG_4537.JPG,52,1966
IMG_4538.JPG,52,3246
IMG_4539.JPG,52,22952
IMG_4540.JPG,52,16648
IMG_4541.JPG,52,24609
IMG_4542.JPG,52,30861
IMG_4543.JPG,52,29659
IMG_4544.JPG,52,940
IMG_4546.JPG,52,6586
IMG_4547.JPG,52,28677
IMG_4548.JPG,52,37269
IMG_4549.JPG,52,2909
IMG_4550.JPG,52,49598
IMG_4551.JPG,52,19506
IMG_4552.JPG,52,32906
IMG_4553.JPG,52,19101
IMG_4555.JPG,52,9720
IMG_4556.JPG,52,1845
IMG_4557.JPG,52,4181
IMG_4558.JPG,52,2513
IMG_4559.JPG,52,1630
IMG_4560.JPG,52,1522
IMG_4561.JPG,52,1198
IMG_4562.JPG,52,245
IMG_4563.JPG,52,21672
IMG_4564.JPG,52,879
IMG_4565.JPG,52,2501
IMG_4566.JPG,52,3512
IMG_4567.JPG,52,875
IMG_4568.JPG,52,11956
IMG_4570.JPG,52,6298
IMG_4571.JPG,52,16616
IMG_4572.JPG,52,5781
IMG_4573.JPG,52,7039
IMG_4574.JPG,52,7071
IMG_4575.JPG,52,17504
IMG_4576.JPG,52,1897
IMG_4577.JPG,52,4868
IMG_4578.JPG,52,5961
IMG_4579.JPG,52,2509
IMG_4580.JPG,52,1364
IMG_4581.JPG,52,50707
IMG_4582.JPG,52,29111
IMG_4583.JPG,52,32035
IMG_4584.JPG,52,33741
IMG_4585.JPG,52,19088
IMG_4586.JPG,52,49457
IMG_4587.JPG,52,35879
IMG_4588.JPG,52,46168
IMG_4589.JPG,52,46588
IMG_4590.JPG,52,40192
IMG_4591.JPG,52,71200
IMG_4592.JPG,52,4758
IMG_4593.JPG,52,46260
IMG_4594.JPG,52,58776
IMG_4595.JPG,52,23246
IMG_4596.JPG,52,24726
IMG_4597.JPG,52,27553
IMG_4598.JPG,52,33465
IMG_4599.JPG,52,56390
IMG_4600.JPG,52,9553
IMG_4601.JPG,52,25460
IMG_4602.JPG,52,6924
IMG_4603.JPG,52,4401
IMG_4604.JPG,52,3608
IMG_4605.JPG,52,21021
IMG_4606.JPG,52,22628
IMG_4607.JPG,52,17056
IMG_4608.JPG,52,21106
IMG_4609.JPG,52,2743
IMG_4610.JPG,52,26100
IMG_4611.JPG,52,18513
IMG_4612.JPG,52,36787
IMG_4613.JPG,52,24642
IMG_4614.JPG,52,16076
IMG_4615.JPG,52,23229
IMG_4616.JPG,52,36169
IMG_4617.JPG,52,35389
IMG_4618.JPG,52,15700
IMG_4619.JPG,52,47126
IMG_4620.JPG,52,18037
IMG_4621.JPG,52,27786
IMG_4622.JPG,52,15980
IMG_4623.JPG,52,60948
IMG_4624.JPG,52,40786
IMG_4625.JPG,52,5024
IMG_4626.JPG,52,26619
IMG_4627.JPG,52,54714
IMG_4629.JPG,52,57193
IMG_4631.JPG,52,36822
IMG_4632.JPG,52,26786
IMG_4633.JPG,52,22634
IMG_4634.JPG,52,29084
IMG_4635.JPG,52,16723
IMG_4636.JPG,52,22133
IMG_4637.JPG,52,29173
IMG_4638.JPG,52,46910
IMG_4639.JPG,52,14279
IMG_4640.JPG,52,27239
IMG_4641.JPG,52,34059
IMG_4642.JPG,52,22914
IMG_4643.JPG,52,40018
IMG_4644.JPG,52,39325
IMG_4645.JPG,52,3355
IMG_4646.JPG,52,52616
IMG_4647.JPG,52,20036
IMG_4648.JPG,52,26735
IMG_4649.JPG,52,17551
IMG_4650.JPG,52,18433
IMG_4651.JPG,52,2460
IMG_4652.JPG,52,23407
IMG_4653.JPG,52,1465
IMG_4654.JPG,52,12709
IMG_4655.JPG,52,12685
IMG_4656.JPG,52,1783
IMG_4657.JPG,52,1996
IMG_4658.JPG,52,11179
IMG_4659.JPG,52,16503
IMG_4660.JPG,52,23622
IMG_4661.JPG,52,26536
IMG_4662.JPG,52,15016
IMG_4663.JPG,52,11261
IMG_4664.JPG,52,16909
IMG_4665.JPG,52,15704
IMG_4666.JPG,52,33423
IMG_4667.JPG,52,35232
IMG_4668.JPG,52,33972
IMG_4669.JPG,52,51225
IMG_4670.JPG,52,17588
IMG_4671.JPG,52,26710
IMG_4672.JPG,52,20165
IMG_4673.JPG,52,39236
IMG_4674.JPG,52,18817
IMG_4675.JPG,52,9258
IMG_4676.JPG,52,19354
IMG_4677.JPG,52,4359
IMG_4678.JPG,52,19636
IMG_4679.JPG,52,8139
IMG_4680.JPG,52,3181
IMG_4681.JPG,52,4955
IMG_4682.JPG,52,1763
IMG_4683.JPG,52,4280
IMG_4684.JPG,52,538
IMG_4685.JPG,52,4092
IMG_4686.JPG,52,270
IMG_4687.JPG,52,825
IMG_4688.JPG,52,1055
IMG_4689.JPG,52,24103
IMG_4690.JPG,52,23230
IMG_4691.JPG,52,9802
IMG_4692.JPG,52,37430
IMG_4693.JPG,52,24758
IMG_4694.JPG,52,13146
IMG_4695.JPG,52,36781
IMG_4696.JPG,52,8586
IMG_4697.JPG,52,36556
IMG_4698.JPG,52,16094
IMG_4699.JPG,52,14839
IMG_4700.JPG,52,8413
IMG_4701.JPG,52,3697
IMG_4702.JPG,52,2934
IMG_4703.JPG,52,5249
IMG_4704.JPG,52,11563
IMG_4705.JPG,52,14306
IMG_4706.JPG,52,14060
IMG_4707.JPG,52,12062
IMG_4708.JPG,52,30206
IMG_4709.JPG,52,5040
IMG_4710.JPG,52,46
IMG_4711.JPG,52,1139
IMG_4712.JPG,52,759
IMG_4713.JPG,52,1219
IMG_4714.JPG,52,506
IMG_4715.JPG,52,1338
IMG_4716.JPG,52,7455
IMG_4717.JPG,52,1475
IMG_4718.JPG,52,19404
IMG_4719.JPG,52,11446
IMG_4720.JPG,52,6308
IMG_4721.JPG,52,16640
IMG_4722.JPG,52,15959
IMG_4723.JPG,52,11921
IMG_4724.JPG,52,8616
IMG_4725.JPG,52,24086
IMG_4726.JPG,52,16713
IMG_4727.JPG,52,30016
IMG_4729.JPG,52,16251
IMG_4730.JPG,52,25116
IMG_4731.JPG,52,9170
IMG_4732.JPG,52,7692
IMG_4733.JPG,52,5264
IMG_4734.JPG,52,17250
IMG_4735.JPG,52,7125
IMG_4736.JPG,52,5981
IMG_4737.JPG,52,9080
IMG_4738.JPG,52,6128
IMG_4739.JPG,52,10490
IMG_4740.JPG,52,29449
IMG_4741.JPG,52,32064
IMG_4742.JPG,52,30051
IMG_4743.JPG,52,21139
IMG_4744.JPG,52,6397
IMG_4745.JPG,52,33466
IMG_4746.JPG,52,34389
IMG_4747.JPG,52,26878
IMG_4748.JPG,52,11850
IMG_4749.JPG,52,5650
IMG_4750.JPG,52,1255
IMG_4751.JPG,52,778
IMG_4752.JPG,52,2005
IMG_4753.JPG,52,5639
IMG_4754.JPG,52,10884
IMG_4755.JPG,52,2992
IMG_4756.JPG,52,1034
IMG_4757.JPG,52,10723
IMG_4758.JPG,52,20405
IMG_4759.JPG,52,8232
IMG_4760.JPG,52,41536
IMG_4761.JPG,52,29019
IMG_4762.JPG,52,4300
IMG_4763.JPG,52,13258
IMG_4764.JPG,52,30074
IMG_4765.JPG,52,23621
IMG_4766.JPG,52,23614
IMG_4767.JPG,52,27151
IMG_4768.JPG,52,31516
IMG_4769.JPG,52,32146
IMG_4770.JPG,52,31419
IMG_4771.JPG,52,10762
IMG_4772.JPG,52,33895
IMG_4773.JPG,52,65350
IMG_4774.JPG,52,13956
IMG_4775.JPG,52,199
IMG_4776.JPG,52,10811
IMG_4777.JPG,52,2363
IMG_4778.JPG,52,3369
IMG_4779.JPG,52,14550
IMG_4780.JPG,52,766
IMG_4781.JPG,52,7845
IMG_4782.JPG,52,2575
IMG_4783.JPG,52,12031
IMG_4784.JPG,52,17403
IMG_4785.JPG,52,13458
IMG_4786.JPG,52,5628
IMG_4787.JPG,52,14940
IMG_4788.JPG,52,3400
IMG_4789.JPG,52,11444
IMG_4790.JPG,52,31500
IMG_4791.JPG,52,11277
IMG_4792.JPG,52,20907
IMG_4793.JPG,52,47363
IMG_4794.JPG,52,36336
IMG_4795.JPG,52,12804
IMG_4796.JPG,52,31910
IMG_4797.JPG,52,59788
IMG_4798.JPG,52,18569
IMG_4799.JPG,52,31660
IMG_4800.JPG,52,12575
IMG_4801.JPG,52,2530
IMG_4802.JPG,52,5821
IMG_4803.JPG,52,5737
IMG_4804.JPG,52,1027
IMG_4805.JPG,52,890
IMG_4806.JPG,52,1236
IMG_4807.JPG,52,1183
IMG_4808.JPG,52,46845
IMG_4809.JPG,52,6770
IMG_4810.JPG,52,11788
IMG_4812.JPG,52,10133
IMG_4813.JPG,52,12333
IMG_4815.JPG,52,1534
IMG_4816.JPG,52,1263
IMG_4817.JPG,52,2074
IMG_4818.JPG,52,2054
IMG_4819.JPG,52,1426
IMG_4820.JPG,52,715
IMG_4821.JPG,52,11370
IMG_4822.JPG,52,56285
IMG_4823.JPG,52,11063
IMG_4824.JPG,52,19247
IMG_4825.JPG,52,4931
IMG_4826.JPG,52,10482
IMG_4827.JPG,52,10365
IMG_4828.JPG,52,762
IMG_4829.JPG,52,5602
IMG_4830.JPG,52,2409
IMG_4831.JPG,52,1014
IMG_4832.JPG,52,2248
IMG_4833.JPG,52,1808
IMG_4834.JPG,52,681
IMG_4835.JPG,52,6842
IMG_4836.JPG,52,4784
IMG_4837.JPG,52,14302
IMG_4838.JPG,52,31314
IMG_4839.JPG,52,5703
IMG_4840.JPG,52,760
IMG_4841.JPG,52,174
IMG_4842.JPG,52,3383
IMG_4843.JPG,52,1053
IMG_4845.JPG,52,284
IMG_4846.JPG,52,1741
IMG_4847.JPG,52,478
IMG_4848.JPG,52,885
IMG_4849.JPG,52,850
IMG_4850.JPG,52,12537
IMG_4851.JPG,52,608
IMG_4852.JPG,52,24381
IMG_4853.JPG,52,2656
IMG_4854.JPG,52,4368
IMG_4855.JPG,52,387
IMG_4856.JPG,52,24032
IMG_4857.JPG,52,17055
IMG_4858.JPG,52,431
IMG_4859.JPG,52,12298
IMG_4860.JPG,52,2552
IMG_4861.JPG,52,350
IMG_4862.JPG,52,21671
IMG_4863.JPG,52,16277
IMG_4864.JPG,52,5311
IMG_4865.JPG,52,1490
IMG_4866.JPG,52,255
IMG_4868.JPG,52,134
IMG_4869.JPG,52,2248
IMG_4870.JPG,52,1009
IMG_4871.JPG,52,2056
IMG_4872.JPG,52,798
IMG_4873.JPG,52,3378
IMG_4874.JPG,52,11036
IMG_4875.JPG,52,17964
IMG_4876.JPG,52,10854
IMG_4877.JPG,52,40199
IMG_4878.JPG,52,9684
IMG_4879.JPG,52,2296
IMG_4880.JPG,52,5625
IMG_4881.JPG,52,445
IMG_4882.JPG,52,1626
IMG_4883.JPG,52,6751
IMG_4884.JPG,52,32855
IMG_4885.JPG,52,769
IMG_4886.JPG,52,117
IMG_4887.JPG,52,9991
IMG_4888.JPG,52,8308
IMG_4889.JPG,52,536
IMG_4890.JPG,52,574
IMG_4891.JPG,52,315
IMG_4892.JPG,52,1215
IMG_4893.JPG,52,679
IMG_4894.JPG,52,2762
IMG_4895.JPG,52,40570
IMG_4896.JPG,52,5041
IMG_4897.JPG,52,3440
IMG_4898.JPG,52,638
IMG_4899.JPG,52,4843
IMG_4900.JPG,52,303
IMG_4901.JPG,52,4353
IMG_4902.JPG,52,3559
IMG_4903.JPG,52,3463
IMG_4904.JPG,52,24524
IMG_4905.JPG,52,1150
IMG_4906.JPG,52,490
IMG_4907.JPG,52,429
IMG_4908.JPG,52,892
IMG_4909.JPG,52,1925
IMG_4910.JPG,52,2468
IMG_4911.JPG,52,2604
IMG_4913.JPG,52,35566
IMG_4914.JPG,52,804
IMG_4916.JPG,52,603
IMG_4917.JPG,52,11562
IMG_4918.JPG,52,28075
IMG_4919.JPG,52,13230
IMG_4920.JPG,52,3202
IMG_4921.JPG,52,8683
IMG_4922.JPG,52,13596
IMG_4923.JPG,52,2668
IMG_4924.JPG,52,8370
IMG_4925.JPG,52,13309
IMG_4926.JPG,52,3775
IMG_4927.JPG,52,1569
IMG_4928.JPG,52,4358
IMG_4929.JPG,52,4046
IMG_4931.JPG,52,1868
IMG_4932.JPG,52,1083
IMG_4933.JPG,52,7446
IMG_4934.JPG,52,24618
IMG_4935.JPG,52,4681
IMG_4936.JPG,52,32020
IMG_4937.JPG,52,40576
IMG_4938.JPG,52,11209
IMG_4939.JPG,52,23981
IMG_4940.JPG,52,7069
IMG_4941.JPG,52,7191
IMG_4942.JPG,52,4985
IMG_4943.JPG,52,8003
IMG_4944.JPG,52,7010
IMG_4945.JPG,52,2477
IMG_4946.JPG,52,37201
IMG_4947.JPG,52,1492
IMG_4948.JPG,52,2777
IMG_4949.JPG,52,4789
IMG_4950.JPG,52,9933
IMG_4951.JPG,52,3842
IMG_4952.JPG,52,1489
IMG_4953.JPG,52,6590
IMG_4954.JPG,52,6108
IMG_4955.JPG,52,4024
IMG_4956.JPG,52,918
IMG_4957.JPG,52,6087
IMG_4958.JPG,52,11331
IMG_4959.JPG,52,6795
IMG_4960.JPG,52,2723
IMG_4961.JPG,52,4767
IMG_4962.JPG,52,3096
IMG_4963.JPG,52,56743
IMG_4964.JPG,52,9704
IMG_4965.JPG,52,9560
IMG_4966.JPG,52,1600
IMG_4967.JPG,52,2884
IMG_4968.JPG,52,4663
IMG_4969.JPG,52,7486
IMG_4970.JPG,52,4574
IMG_4971.JPG,52,8514
IMG_4972.JPG,52,4205
IMG_4973.JPG,52,21406
IMG_4974.JPG,52,21689
IMG_4975.JPG,52,7474
IMG_4976.JPG,52,27838
IMG_4977.JPG,52,43415
IMG_4978.JPG,52,33960
IMG_4979.JPG,52,5503
IMG_4980.JPG,52,23054
IMG_4981.JPG,52,16999
IMG_4982.JPG,52,13050
IMG_4983.JPG,52,23690
IMG_4984.JPG,52,16577
IMG_4985.JPG,52,1347
IMG_4986.JPG,52,114
IMG_4987.JPG,52,33681
IMG_4988.JPG,52,2001
IMG_4989.JPG,52,12330
IMG_4990.JPG,52,24171
IMG_4991.JPG,52,1465
IMG_4992.JPG,52,37230
IMG_4993.JPG,52,392
IMG_4995.JPG,52,2125
IMG_4996.JPG,52,2819
IMG_4997.JPG,52,2339
IMG_4998.JPG,52,1086
IMG_4999.JPG,52,4201
IMG_5000.JPG,52,3436
IMG_5001.JPG,52,1634
IMG_5002.JPG,52,1007
IMG_5003.JPG,52,2670
IMG_5005.JPG,52,24211
IMG_5006.JPG,52,8829
IMG_5007.JPG,52,7908
IMG_5008.JPG,52,2084
IMG_5009.JPG,52,5769
IMG_5010.JPG,52,6012
IMG_5011.JPG,52,3133
IMG_5012.JPG,52,10439
IMG_5013.JPG,52,1061
IMG_5014.JPG,52,12191
IMG_5015.JPG,52,17094
IMG_5017.JPG,52,41612
IMG_5018.JPG,52,17663
IMG_5019.JPG,52,682
IMG_5020.JPG,52,3249
IMG_5022.JPG,52,1694
IMG_5023.JPG,52,624
IMG_5024.JPG,52,504
IMG_5025.JPG,52,13307
IMG_5026.JPG,52,16400
IMG_5027.JPG,52,22189
IMG_5028.JPG,52,1256
IMG_5029.JPG,52,1961
IMG_5030.JPG,52,759
IMG_5031.JPG,52,7565
IMG_5032.JPG,52,2197
IMG_5033.JPG,52,11967
IMG_5034.JPG,52,4186
IMG_5035.JPG,52,7264
IMG_5036.JPG,52,7158
IMG_5037.JPG,52,2179
IMG_5039.JPG,52,1928
IMG_5040.JPG,52,4164
IMG_5041.JPG,52,1891
IMG_5042.JPG,52,93
IMG_5043.JPG,52,1277
IMG_5044.JPG,52,21559
IMG_5045.JPG,52,573
IMG_5046.JPG,52,1756
IMG_5047.JPG,52,3244
IMG_5048.JPG,52,326
IMG_5049.JPG,52,5178
IMG_5050.JPG,52,6224
IMG_5051.JPG,52,92
IMG_5052.JPG,52,1007
IMG_5053.JPG,52,1622
IMG_5054.JPG,52,30246
IMG_5055.JPG,52,610
IMG_5056.JPG,52,886
IMG_5057.JPG,52,1195
IMG_5059.JPG,52,2477
IMG_5060.JPG,52,8601
IMG_5061.JPG,52,1109
IMG_5062.JPG,52,2776
IMG_5063.JPG,52,1783
IMG_5064.JPG,52,4515
IMG_5065.JPG,52,5990
IMG_5066.JPG,52,1423
IMG_5067.JPG,52,742
IMG_5068.JPG,52,11682
IMG_5069.JPG,52,23641
IMG_5070.JPG,52,1216
IMG_5071.JPG,52,3023
IMG_5072.JPG,52,24623
IMG_5073.JPG,52,1232
IMG_5074.JPG,52,140
IMG_5075.JPG,52,9446
IMG_5076.JPG,52,4434
IMG_5077.JPG,52,6225
IMG_5078.JPG,52,3490
IMG_5079.JPG,52,5363
IMG_5080.JPG,52,493
IMG_5082.JPG,52,1108
IMG_5083.JPG,52,4309
IMG_5084.JPG,52,291
IMG_5085.JPG,52,15504
IMG_5086.JPG,52,20323
IMG_5087.JPG,52,19722
IMG_5088.JPG,52,6537
IMG_5089.JPG,52,128
IMG_5090.JPG,52,484
IMG_5091.JPG,52,1497
IMG_5092.JPG,52,944
IMG_5093.JPG,52,710
IMG_5094.JPG,52,1484
IMG_5095.JPG,52,1635
IMG_5096.JPG,52,1107
IMG_5098.JPG,52,4255
IMG_5099.JPG,52,284
IMG_5100.JPG,52,4458
IMG_5101.JPG,52,5019
IMG_5102.JPG,52,15561
IMG_5103.JPG,52,11172
IMG_5104.JPG,52,347
IMG_5105.JPG,52,272
IMG_5106.JPG,52,23336
IMG_5107.JPG,52,6783
IMG_5108.JPG,52,178
IMG_5109.JPG,52,3511
IMG_5110.JPG,52,466
IMG_5111.JPG,52,1198
IMG_5112.JPG,52,3142
IMG_5113.JPG,52,454
IMG_5114.JPG,52,690
IMG_5115.JPG,52,1252
IMG_5116.JPG,52,1220
IMG_5118.JPG,52,1054
IMG_5119.JPG,52,146
IMG_5120.JPG,52,12983
IMG_5121.JPG,52,9756
IMG_5122.JPG,52,13427
IMG_5123.JPG,52,9980
IMG_5124.JPG,52,20799
IMG_5125.JPG,52,1554
IMG_5126.JPG,52,18445
IMG_5128.JPG,52,24626
IMG_5129.JPG,52,1134
IMG_5130.JPG,52,16667
IMG_5131.JPG,52,13534
IMG_5132.JPG,52,2023
IMG_5133.JPG,52,363
IMG_5134.JPG,52,989
IMG_5135.JPG,52,924
IMG_5136.JPG,52,366
IMG_5137.JPG,52,8280
IMG_5138.JPG,52,90
IMG_5139.JPG,52,1487
IMG_5140.JPG,52,697
IMG_5141.JPG,52,1625
IMG_5142.JPG,52,202
IMG_5143.JPG,52,962
IMG_5144.JPG,52,25377
IMG_5145.JPG,52,1418
IMG_5146.JPG,52,3658
IMG_5147.JPG,52,996
IMG_5148.JPG,52,1312
IMG_5149.JPG,52,726
IMG_5150.JPG,52,1547
IMG_5151.JPG,52,845
IMG_5152.JPG,52,4481
IMG_5153.JPG,52,1065
IMG_5154.JPG,52,201
IMG_5155.JPG,52,1849
IMG_5156.JPG,52,1623
IMG_5157.JPG,52,4240
IMG_5158.JPG,52,21829
IMG_5159.JPG,52,3164
IMG_5160.JPG,52,14104
IMG_5161.JPG,52,3514
IMG_5162.JPG,52,1172
IMG_5163.JPG,52,5604
IMG_5165.JPG,52,3077
IMG_5166.JPG,52,692
IMG_5167.JPG,52,1341
IMG_5168.JPG,52,256
IMG_5169.JPG,52,181
IMG_5170.JPG,52,853
IMG_5171.JPG,52,3996
IMG_5172.JPG,52,30546
IMG_5173.JPG,52,5163
IMG_5174.JPG,52,1220
IMG_5175.JPG,52,4271
IMG_5176.JPG,52,13477
IMG_5177.JPG,52,26996
IMG_5178.JPG,52,2846
IMG_5179.JPG,52,8664
IMG_5180.JPG,52,4457
IMG_5181.JPG,52,2629
IMG_5183.JPG,52,7069
IMG_5185.JPG,52,3658
IMG_5186.JPG,52,17954
IMG_5187.JPG,52,3963
IMG_5188.JPG,52,1043
IMG_5189.JPG,52,5718
IMG_5190.JPG,52,5558
IMG_5191.JPG,52,5158
IMG_5192.JPG,52,10670
IMG_5193.JPG,52,8025
IMG_5194.JPG,52,9753
IMG_5195.JPG,52,4856
IMG_5196.JPG,52,6337
IMG_5197.JPG,52,2815
IMG_5198.JPG,52,30077
IMG_5199.JPG,52,6888
IMG_5200.JPG,52,9101
IMG_5201.JPG,52,5471
IMG_5202.JPG,52,4255
IMG_5203.JPG,52,5484
IMG_5204.JPG,52,2583
IMG_5205.JPG,52,8880
IMG_5206.JPG,52,7535
IMG_5207.JPG,52,5967
IMG_5208.JPG,52,16172
IMG_5209.JPG,52,29117
IMG_5210.JPG,52,27772
IMG_5211.JPG,52,3793
IMG_5212.JPG,52,6258
IMG_5213.JPG,52,5083
IMG_5214.JPG,52,7820
IMG_5215.JPG,52,13754
IMG_5216.JPG,52,10713
IMG_5217.JPG,52,2425
IMG_5218.JPG,52,22541
IMG_5219.JPG,52,1744
IMG_5221.JPG,52,23701
IMG_5222.JPG,52,4117
IMG_5223.JPG,52,47903
IMG_5225.JPG,52,2365
IMG_5226.JPG,52,3095
IMG_5227.JPG,52,3613
IMG_5228.JPG,52,4854
IMG_5229.JPG,52,1428
IMG_5230.JPG,52,4857
IMG_5231.JPG,52,1310
IMG_5232.JPG,52,1214
IMG_5233.JPG,52,1047
IMG_5234.JPG,52,22602
IMG_5235.JPG,52,3344
IMG_5236.JPG,52,6037
IMG_5237.JPG,52,14078
IMG_5238.JPG,52,4041
IMG_5239.JPG,52,1884
IMG_5240.JPG,52,8219
IMG_5241.JPG,52,20207
IMG_5242.JPG,52,11422
IMG_5243.JPG,52,1202
IMG_5244.JPG,52,8119
IMG_5245.JPG,52,845
IMG_5246.JPG,52,2038
IMG_5247.JPG,52,1032
IMG_5248.JPG,52,223
IMG_5249.JPG,52,2403
IMG_5250.JPG,52,1230
IMG_5251.JPG,52,373
IMG_5252.JPG,52,507
IMG_5253.JPG,52,3385
IMG_5254.JPG,52,11382
IMG_5257.JPG,52,3292
IMG_5258.JPG,52,1033
IMG_5259.JPG,52,827
IMG_5260.JPG,52,616
IMG_5261.JPG,52,189
IMG_5262.JPG,52,5641
IMG_5263.JPG,52,640
IMG_5264.JPG,52,1515
IMG_5265.JPG,52,1823
IMG_5266.JPG,52,426
IMG_5267.JPG,52,479
IMG_5268.JPG,52,669
IMG_5269.JPG,52,303
IMG_5270.JPG,52,318
IMG_5271.JPG,52,8745
IMG_5272.JPG,52,4482
IMG_5273.JPG,52,424
IMG_5274.JPG,52,1443
IMG_5275.JPG,52,836
IMG_5276.JPG,52,549
IMG_5277.JPG,52,1189
IMG_5278.JPG,52,2044
IMG_5279.JPG,52,16673
IMG_5280.JPG,52,662
IMG_5281.JPG,52,306
IMG_5282.JPG,52,1664
IMG_5283.JPG,52,680
IMG_5284.JPG,52,1257
IMG_5285.JPG,52,4115
IMG_5287.JPG,52,131
IMG_5288.JPG,52,1876
IMG_5289.JPG,52,23954
IMG_5290.JPG,52,549
IMG_5291.JPG,52,1500
IMG_5292.JPG,52,2268
IMG_5293.JPG,52,458
IMG_5294.JPG,52,1748
IMG_5296.JPG,52,841
IMG_5299.JPG,52,707
IMG_5302.JPG,52,105
IMG_5303.JPG,52,1568
IMG_5304.JPG,52,1146
IMG_5305.JPG,52,2924
IMG_5306.JPG,52,1866
IMG_5307.JPG,52,9814
IMG_5308.JPG,52,19513
IMG_5309.JPG,52,11484
IMG_5310.JPG,52,1349
IMG_5311.JPG,52,999
IMG_5312.JPG,52,600
IMG_5313.JPG,52,848
IMG_5314.JPG,52,3856
IMG_5316.JPG,52,1541
IMG_5317.JPG,52,3530
IMG_5318.JPG,52,6123
IMG_5319.JPG,52,1355
IMG_5320.JPG,52,2479
IMG_5321.JPG,52,574
IMG_5322.JPG,52,1666
IMG_5323.JPG,52,434
IMG_5325.JPG,52,784
IMG_5326.JPG,52,2567
IMG_5327.JPG,52,4939
IMG_5328.JPG,52,1939
IMG_5329.JPG,52,947
IMG_5330.JPG,52,1842
IMG_5331.JPG,52,592
IMG_5332.JPG,52,2180
IMG_5333.JPG,52,1009
IMG_5334.JPG,52,1021
IMG_5335.JPG,52,934
IMG_5336.JPG,52,2606
IMG_5337.JPG,52,10745
IMG_5338.JPG,52,134
IMG_5339.JPG,52,2727
IMG_5340.JPG,52,4866
IMG_5341.JPG,52,424
IMG_5342.JPG,52,808
IMG_5343.JPG,52,762
IMG_5344.JPG,52,1998
IMG_5346.JPG,52,16210
IMG_5347.JPG,52,163
IMG_5348.JPG,52,1769
IMG_5349.JPG,52,4737
IMG_5350.JPG,52,1320
IMG_5353.JPG,52,2195
IMG_5354.JPG,52,1506
IMG_5355.JPG,52,1291
IMG_5356.JPG,52,691
IMG_5357.JPG,52,3666
IMG_5358.JPG,52,7697
IMG_5359.JPG,52,751
IMG_5360.JPG,52,16217
IMG_5361.JPG,52,125
IMG_5362.JPG,52,76
IMG_5364.JPG,52,2530
IMG_5366.JPG,52,2450
IMG_5367.JPG,52,772
IMG_5368.JPG,52,2368
IMG_5369.JPG,52,710
IMG_5370.JPG,52,586
IMG_5371.JPG,52,3461
IMG_5372.JPG,52,5738
IMG_5373.JPG,52,3325
IMG_5374.JPG,52,3571
IMG_5375.JPG,52,2171
IMG_5376.JPG,52,294
IMG_5377.JPG,52,616
IMG_5378.JPG,52,595
IMG_5379.JPG,52,16
IMG_5380.JPG,52,1535
IMG_5381.JPG,52,958
IMG_5382.JPG,52,648
IMG_5383.JPG,52,15269
IMG_5384.JPG,52,920
IMG_5385.JPG,52,2779
IMG_5386.JPG,52,5997
IMG_5387.JPG,52,2383
IMG_5388.JPG,52,59
IMG_5389.JPG,52,2045
IMG_5390.JPG,52,9058
IMG_5391.JPG,52,2710
IMG_5392.JPG,52,16147
IMG_5393.JPG,52,436
IMG_5394.JPG,52,4142
IMG_5395.JPG,52,2213
IMG_5396.JPG,52,6100
IMG_5397.JPG,52,90
IMG_5398.JPG,52,175
IMG_5399.JPG,52,1619
IMG_5400.JPG,52,5099
IMG_5401.JPG,52,1297
IMG_5402.JPG,52,483
IMG_5403.JPG,52,1160
IMG_5405.JPG,52,4551
IMG_5406.JPG,52,4814
IMG_5407.JPG,52,7150
IMG_5408.JPG,52,19593
IMG_5409.JPG,52,4892
IMG_5410.JPG,52,4091
IMG_5411.JPG,52,3053
IMG_5412.JPG,52,1641
IMG_5413.JPG,52,1113
IMG_5414.JPG,52,5127
IMG_5415.JPG,52,7557
IMG_5416.JPG,52,2319
IMG_5417.JPG,52,7107
IMG_5418.JPG,52,2019
IMG_5419.JPG,52,8268
IMG_5420.JPG,52,4965
IMG_5421.JPG,52,1006
IMG_5422.JPG,52,1347
IMG_5423.JPG,52,2708
IMG_5424.JPG,52,3886
IMG_5425.JPG,52,3192
IMG_5426.JPG,52,6723
IMG_5427.JPG,52,288
IMG_5428.JPG,52,3946
IMG_5429.JPG,52,2346
IMG_5430.JPG,52,4943
IMG_5431.JPG,52,6010
IMG_5432.JPG,52,418
IMG_5433.JPG,52,5245
IMG_5434.JPG,52,6697
IMG_5435.JPG,52,6945
IMG_5436.JPG,52,5919
IMG_5437.JPG,52,1458
IMG_5438.JPG,52,3565
IMG_5439.JPG,52,22558
IMG_5440.JPG,52,3579
IMG_5441.JPG,52,1836
IMG_5442.JPG,52,4383
IMG_5443.JPG,52,984
IMG_5444.JPG,52,2423
IMG_5445.JPG,52,5499
IMG_5446.JPG,52,211
IMG_5447.JPG,52,1525
IMG_5450.JPG,52,1645
IMG_5451.JPG,52,15001
IMG_5452.JPG,52,753
IMG_5453.JPG,52,16218
IMG_5454.JPG,52,6891
IMG_5455.JPG,52,1913
IMG_5456.JPG,52,947
IMG_5457.JPG,52,14180
IMG_5458.JPG,52,1020
IMG_5460.JPG,52,999
IMG_5461.JPG,52,2963
IMG_5462.JPG,52,3817
IMG_5463.JPG,52,2545
IMG_5464.JPG,52,1375
IMG_5469.JPG,52,1948
IMG_5470.JPG,52,688
IMG_5471.JPG,52,1540
IMG_5472.JPG,52,559
IMG_5473.JPG,52,1077
IMG_5474.JPG,52,1533
IMG_5475.JPG,52,1159
IMG_5476.JPG,52,2320
IMG_5477.JPG,52,3605
IMG_5478.JPG,52,3040
IMG_5479.JPG,52,9505
IMG_5480.JPG,52,2853
IMG_5481.JPG,52,3764
IMG_5483.JPG,52,677
IMG_5484.JPG,52,957
IMG_5485.JPG,52,1925
IMG_5486.JPG,52,1491
IMG_5487.JPG,52,4449
IMG_5488.JPG,52,160
IMG_5489.JPG,52,1256
IMG_5490.JPG,52,2953
IMG_5491.JPG,52,991
IMG_5492.JPG,52,2432
IMG_5493.JPG,52,6099
IMG_5494.JPG,52,1098
IMG_5495.JPG,52,9877
IMG_5496.JPG,52,3239
IMG_5497.JPG,52,1798
IMG_5499.JPG,52,2147
IMG_5500.JPG,52,1527
IMG_5501.JPG,52,713
IMG_5502.JPG,52,2124
IMG_5503.JPG,52,862
IMG_5504.JPG,52,666
IMG_5505.JPG,52,8524
IMG_5506.JPG,52,1129
IMG_5507.JPG,52,175
IMG_5508.JPG,52,718
IMG_5509.JPG,52,1853
IMG_5510.JPG,52,474
IMG_5511.JPG,52,1491
IMG_5512.JPG,52,1440
IMG_5513.JPG,52,181
IMG_5514.JPG,52,1707
IMG_5516.JPG,52,3013
IMG_5517.JPG,52,9725
IMG_5518.JPG,52,565
IMG_5519.JPG,52,97
IMG_5520.JPG,52,781
IMG_5521.JPG,52,427
IMG_5522.JPG,52,290
IMG_5523.JPG,52,278
IMG_5525.JPG,52,2418
IMG_5526.JPG,52,3553
IMG_5527.JPG,52,13476
IMG_5528.JPG,52,2154
IMG_5529.JPG,52,14700
IMG_5530.JPG,52,21827
IMG_5531.JPG,52,4277
IMG_5532.JPG,52,7415
IMG_5533.JPG,52,7920
IMG_5534.JPG,52,3157
IMG_5535.JPG,52,253
IMG_5536.JPG,52,4753
IMG_5537.JPG,52,2279
IMG_5538.JPG,52,2666
IMG_5539.JPG,52,10819
IMG_5540.JPG,52,20602
IMG_5541.JPG,52,2851
IMG_5542.JPG,52,3152
IMG_5543.JPG,52,1819
IMG_5544.JPG,52,3993
IMG_5545.JPG,52,3164
IMG_5546.JPG,52,3236
IMG_5547.JPG,52,3182
IMG_5548.JPG,52,571
IMG_5550.JPG,52,2209
IMG_5551.JPG,52,7852
IMG_5552.JPG,52,3237
IMG_5553.JPG,52,1636
IMG_5554.JPG,52,2123
IMG_5555.JPG,52,3220
IMG_5556.JPG,52,3796
IMG_5558.JPG,52,4041
IMG_5559.JPG,52,6415
IMG_5560.JPG,52,464
IMG_5561.JPG,52,2792
IMG_5562.JPG,52,7562
IMG_5563.JPG,52,2432
IMG_5564.JPG,52,2420
IMG_5565.JPG,52,4105
IMG_5566.JPG,52,1261
IMG_5567.JPG,52,1553
IMG_5568.JPG,52,1563
IMG_5569.JPG,52,771
IMG_5570.JPG,52,1227
IMG_5571.JPG,52,965
IMG_5572.JPG,52,784
IMG_5573.JPG,52,978
IMG_5574.JPG,52,1879
IMG_5576.JPG,52,2467
IMG_5577.JPG,52,960
IMG_5578.JPG,52,2451
IMG_5579.JPG,52,973
IMG_5580.JPG,52,539
IMG_5581.JPG,52,1900
IMG_5582.JPG,52,4957
IMG_5583.JPG,52,1056
IMG_5584.JPG,52,3428
IMG_5585.JPG,52,292
IMG_5586.JPG,52,1650
IMG_5587.JPG,52,394
IMG_5588.JPG,52,1190
IMG_5589.JPG,52,5435
IMG_5590.JPG,52,634
IMG_5591.JPG,52,1827
IMG_5592.JPG,52,808
IMG_5593.JPG,52,3943
IMG_5594.JPG,52,328
IMG_5595.JPG,52,443
IMG_5597.JPG,52,1333
IMG_5598.JPG,52,1305
IMG_5599.JPG,52,12090
IMG_5600.JPG,52,2717
IMG_5601.JPG,52,1215
IMG_5603.JPG,52,6219
IMG_5604.JPG,52,302
IMG_5605.JPG,52,1672
IMG_5606.JPG,52,4896
IMG_5607.JPG,52,1250
IMG_5608.JPG,52,1877
IMG_5609.JPG,52,1472
IMG_5610.JPG,52,32
IMG_5612.JPG,52,545
IMG_5613.JPG,52,128
IMG_5614.JPG,52,682
IMG_5615.JPG,52,0
IMG_5616.JPG,52,2762
IMG_5617.JPG,52,7634
IMG_5618.JPG,52,1915
IMG_5619.JPG,52,254
IMG_5620.JPG,52,753
IMG_5621.JPG,52,670
IMG_5622.JPG,52,1003
IMG_5623.JPG,52,1872
IMG_5624.JPG,52,716
IMG_5625.JPG,52,1248
IMG_5626.JPG,52,774
IMG_5627.JPG,52,2087
IMG_5628.JPG,52,588
IMG_5629.JPG,52,2272
IMG_5630.JPG,52,2471
IMG_5632.JPG,52,739
IMG_5633.JPG,52,250
IMG_5634.JPG,52,385
IMG_5635.JPG,52,285
IMG_5636.JPG,52,1272
IMG_5637.JPG,52,2388
IMG_5638.JPG,52,3391
IMG_5639.JPG,52,5723
IMG_5640.JPG,52,1041
IMG_5641.JPG,52,4783
IMG_5642.JPG,52,5464
IMG_5643.JPG,52,2376
IMG_5644.JPG,52,5509
IMG_5645.JPG,52,10298
IMG_5646.JPG,52,4854
IMG_5647.JPG,52,2979
IMG_5648.JPG,52,4648
IMG_5649.JPG,52,10836
IMG_5650.JPG,52,4171
IMG_5651.JPG,52,6730
IMG_5652.JPG,52,5718
IMG_5653.JPG,52,2975
IMG_5654.JPG,52,5535
IMG_5655.JPG,52,3159
IMG_5656.JPG,52,2312
IMG_5661.JPG,52,7785
IMG_5662.JPG,52,2743
IMG_5663.JPG,52,9575
IMG_5664.JPG,52,7287
IMG_5665.JPG,52,2136
IMG_5666.JPG,52,4325
IMG_5668.JPG,52,2319
IMG_5669.JPG,52,5386
IMG_5670.JPG,52,1025
IMG_5671.JPG,52,9124
IMG_5672.JPG,52,4715
IMG_5673.JPG,52,8759
IMG_5674.JPG,52,3361
IMG_5675.JPG,52,5626
IMG_5676.JPG,52,3339
IMG_5677.JPG,52,2668
IMG_5678.JPG,52,4939
IMG_5679.JPG,52,4014
IMG_5680.JPG,52,2543
IMG_5681.JPG,52,2230
IMG_5682.JPG,52,3474
IMG_5683.JPG,52,3363
IMG_5684.JPG,52,5068
IMG_5685.JPG,52,3319
IMG_5688.JPG,52,7066
IMG_5689.JPG,52,5709
IMG_5690.JPG,52,2413
IMG_5691.JPG,52,8738
IMG_5692.JPG,52,3517
IMG_5693.JPG,52,2228
IMG_5694.JPG,52,7695
IMG_5695.JPG,52,796
IMG_5698.JPG,52,3622
IMG_5700.JPG,52,3226
IMG_5701.JPG,52,3038
IMG_5702.JPG,52,7807
IMG_5706.JPG,52,3189
IMG_5707.JPG,52,6991
IMG_5708.JPG,52,9670
IMG_5709.JPG,52,2792
IMG_5710.JPG,52,16942
IMG_5711.JPG,52,6841
IMG_5712.JPG,52,2488
IMG_5715.JPG,52,6414
IMG_5717.JPG,52,6217
IMG_5719.JPG,52,7454
IMG_5720.JPG,52,5493
IMG_5724.JPG,52,6851
IMG_5728.JPG,52,6349
IMG_5730.JPG,52,11075
IMG_5731.JPG,52,8877
IMG_5732.JPG,52,4071
IMG_5733.JPG,52,6426
IMG_5735.JPG,52,16432
IMG_5736.JPG,52,5019
